,Pressure,Pumping Speed (L/min)
A150W,0.004,1
A150W,0.0042,1000.00002
A150W,0.0045,1999.99998
A150W,0.005,3000
A150W,0.0065,4999.99998
A150W,0.007,5599.99998
A150W,0.01,7800
A150W,0.016,10000.0002
A150W,0.02,10999.9998
A150W,0.03,12000
A150W,0.05,13200
A150W,0.08,14500.0002
A150W,0.1,14800.0002
A150W,0.2,15000
A150W,0.3,15000
A150W,0.5,14800.0002
A150W,1,14500.0002
A150W,1.5,13999.9998
A150W,2,13500
A150W,3,13000.0002
A150W,3.1,2500.00002
A150W,5,2500.00002
A150W,10,2449.99998
A150W,20,2380.00002
A150W,30,2350.00002
A150W,50,2250
A150W,70,2220
A150W,100,2200.00002
A150W,200,2100
A150W,300,1980
A150W,500,1849.99998
A150W,760,1750.00002
A300WT,0.00398,1
A300WT,0.0041,4677
A300WT,0.0072,10714.9998
A300WT,0.01,13258.9998
A300WT,0.01995,17377.9998
A300WT,0.03998,20461.0002
A300WT,0.06998,20892
A300WT,0.09975,24603
A300WT,0.19995,27009
A300WT,0.39975,28032
A300WT,0.69975,26224.9998
A300WT,0.99975,25242
A300WT,1.9995,22947
A300WT,3.99975,17593.0002
A300WT,6.99975,12457.0002
A300WT,9.9975,9484.0002
A300WT,20.0925,5619
A300WT,39.9975,3744
A300WT,70.4925,2890.00002
A300WT,100.5975,2569.99998
A300WT,200.7975,2089.99998
A300WT,543.3975,1681.99998
A300WT,759.75,1500
A70W,0.002,1
A70W,0.0022,500
A70W,0.0026,1000.00002
A70W,0.0036,1999.99998
A70W,0.0064,3000
A70W,0.01,4000.00002
A70W,0.02,4999.99998
A70W,0.05,6000
A70W,0.1,6499.9998
A70W,0.2,6799.9998
A70W,0.5,7000.0002
A70W,1,7000.0002
A70W,2,7000.0002
A70W,5,6600
A70W,10,6400.0002
A70W,20,6000
A70W,30,5599.99998
A70W,31,600
A70W,40,799.99998
A70W,55,1000.00002
A70W,100,1200
A70W,200,1300.00002
A70W,500,1399.99998
A70W,760,1399.99998
AAS100WN,0.00113,10
AAS100WN,0.0015,1000.00002
AAS100WN,0.0075,5599.99998
AAS100WN,0.01875,7000.0002
AAS100WN,0.075,9000
AAS100WN,0.225,10000.0002
AAS100WN,0.75,10099.9998
AAS100WN,2.25,10000.0002
AAS100WN,7.5,7999.9998
AAS100WN,45,3000
AAS100WN,75,1999.99998
AAS100WN,150,1500
AAS100WN,750,1000.00002
EV-A10 with GB,0.015,1
EV-A10 with GB,0.0172,234
EV-A10 with GB,0.0211,369
EV-A10 with GB,0.032,499
EV-A10 with GB,0.0552,640
EV-A10 with GB,0.0843,762
EV-A10 with GB,0.106,817
EV-A10 with GB,0.206,895
EV-A10 with GB,0.402,931
EV-A10 with GB,0.698,958
EV-A10 with GB,1,981
EV-A10 with GB,2.06,1010
EV-A10 with GB,4,1020
EV-A10 with GB,7.06,1030
EV-A10 with GB,10,1030
EV-A10 with GB,20.6,1030
EV-A10 with GB,40.5,1020
EV-A10 with GB,69.3,993
EV-A10 with GB,100,956
EV-A10 with GB,203,857
EV-A10 with GB,405,810
EV-A10 with GB,699,795
EV-A10 with GB,712,798
EV-A10 with GB,760,798
EV-A10,0.0075,1
EV-A10,0.009,222
EV-A10,0.0109,351
EV-A10,0.0191,499
EV-A10,0.0437,683
EV-A10,0.0731,761
EV-A10,0.107,816
EV-A10,0.206,895
EV-A10,0.402,931
EV-A10,0.698,958
EV-A10,0.998,981
EV-A10,2.06,1010
EV-A10,4,1020
EV-A10,7.07,1030
EV-A10,10,1030
EV-A10,20.6,1030
EV-A10,40.5,1020
EV-A10,69.3,993
EV-A10,100,955
EV-A10,203,856
EV-A10,405,810
EV-A10,699,795
EV-A10,712,798
EV-A10,760,798
EV-SA20 with GB,0.0375,1
EV-SA20 with GB,0.03825,100
EV-SA20 with GB,0.03863,200
EV-SA20 with GB,0.039,400
EV-SA20 with GB,0.04125,640
EV-SA20 with GB,0.04875,863
EV-SA20 with GB,0.07103,1078
EV-SA20 with GB,0.1008,1196
EV-SA20 with GB,0.20828,1373
EV-SA20 with GB,0.40035,1506
EV-SA20 with GB,0.70305,1561
EV-SA20 with GB,0.9759,1584
EV-SA20 with GB,2.0538,1618
EV-SA20 with GB,4.00665,1640
EV-SA20 with GB,7.04445,1613
EV-SA20 with GB,10.74915,1582
EV-SA20 with GB,20.16833,1494
EV-SA20 with GB,30.43748,1397
EV-SA20 with GB,37.67693,1313
EV-SA20 with GB,40.99665,1263
EV-SA20 with GB,68.39438,927
EV-SA20 with GB,191.01225,400
EV-SA20 with GB,328.14158,394
EV-SA20 with GB,401.96693,473
EV-SA20 with GB,698.74253,803
EV-SA20 with GB,759.9375,870
EV-SA20 without GB,0.0225,1
EV-SA20 without GB,0.02325,100
EV-SA20 without GB,0.02363,200
EV-SA20 without GB,0.0255,400
EV-SA20 without GB,0.03,640
EV-SA20 without GB,0.04298,863
EV-SA20 without GB,0.07103,1078
EV-SA20 without GB,0.1008,1196
EV-SA20 without GB,0.20828,1373
EV-SA20 without GB,0.40035,1506
EV-SA20 without GB,0.70305,1561
EV-SA20 without GB,0.9759,1584
EV-SA20 without GB,2.0538,1618
EV-SA20 without GB,4.00665,1640
EV-SA20 without GB,7.04445,1613
EV-SA20 without GB,10.74915,1582
EV-SA20 without GB,20.16833,1494
EV-SA20 without GB,30.43748,1397
EV-SA20 without GB,37.67693,1313
EV-SA20 without GB,40.99665,1263
EV-SA20 without GB,68.39438,927
EV-SA20 without GB,191.01225,400
EV-SA20 without GB,328.14158,394
EV-SA20 without GB,401.96693,473
EV-SA20 without GB,698.74253,803
EV-SA20 without GB,759.9375,870
EV-SA30 with GB,0.0225,1
EV-SA30 with GB,0.02325,500
EV-SA30 with GB,0.02513,1000
EV-SA30 with GB,0.0375,1650
EV-SA30 with GB,0.075,2100
EV-SA30 with GB,0.1875,2700
EV-SA30 with GB,0.45,3050
EV-SA30 with GB,0.75,3100
EV-SA30 with GB,1.5,3250
EV-SA30 with GB,2.25,3300
EV-SA30 with GB,7.5,3300
EV-SA30 with GB,10.5,2900
EV-SA30 with GB,240,130
EV-SA30 with GB,397.5,490
EV-SA30 with GB,697.5,670
EV-SA30 without GB,0.015,1
EV-SA30 without GB,0.01575,500
EV-SA30 without GB,0.0165,1000
EV-SA30 without GB,0.0195,1300
EV-SA30 without GB,0.075,2100
EV-SA30 without GB,0.1875,2700
EV-SA30 without GB,0.45,3050
EV-SA30 without GB,0.75,3100
EV-SA30 without GB,1.5,3250
EV-SA30 without GB,2.25,3300
EV-SA30 without GB,7.5,3300
EV-SA30 without GB,10.5,2900
EV-SA30 without GB,240,130
EV-SA30 without GB,397.5,490
EV-SA30 without GB,697.5,670
EV-SA30 without GB,10.74915,1582
EV-SA30 without GB,20.16833,1494
EV-SA30 without GB,30.43748,1397
EV-SA30 without GB,37.67693,1313
EV-SA30 without GB,40.99665,1263
EV-SA30 without GB,68.39438,927
EV-SA30 without GB,191.01225,400
EV-SA30 without GB,328.14158,394
EV-SA30 without GB,401.96693,473
EV-SA30 without GB,698.74253,803
EV-SA30 without GB,759.9375,870
EV-SA50 with GB,0.0075,1
EV-SA50 with GB,0.00788,1141.9
EV-SA50 with GB,0.00863,1930
EV-SA50 with GB,0.01013,2336.7
EV-SA50 with GB,0.02003,3121.31741
EV-SA50 with GB,0.04,3806.48464
EV-SA50 with GB,0.06999,4459.02487
EV-SA50 with GB,0.10019,4786.59745
EV-SA50 with GB,0.19998,5138.75427
EV-SA50 with GB,0.40007,5137.4699
EV-SA50 with GB,0.69994,5111.56509
EV-SA50 with GB,0.99992,5024.55973
EV-SA50 with GB,1.99984,4681.97611
EV-SA50 with GB,3.99967,4377.45734
EV-SA50 with GB,5.09458,4034.35075
EV-SA50 with GB,7.00942,3475.24989
EV-SA50 with GB,9.94918,2830.9534
EV-SA50 with GB,134.9889,225.56946
EV-SA50 with GB,199.98355,190.32423
EV-SA50 with GB,399.96711,413.00358
EV-SA50 with GB,699.74245,764.11797
EV-SA50 with GB,706.14192,762.98793
EV-SA50 without GB,0.00375,1
EV-SA50 without GB,0.00398,1141.9
EV-SA50 without GB,0.00713,1930
EV-SA50 without GB,0.01013,2336.7
EV-SA50 without GB,0.02003,3121.31741
EV-SA50 without GB,0.04,3806.48464
EV-SA50 without GB,0.06999,4459.02487
EV-SA50 without GB,0.10019,4786.59745
EV-SA50 without GB,0.19998,5138.75427
EV-SA50 without GB,0.40007,5137.4699
EV-SA50 without GB,0.69994,5111.56509
EV-SA50 without GB,0.99992,5024.55973
EV-SA50 without GB,1.99984,4681.97611
EV-SA50 without GB,3.99967,4377.45734
EV-SA50 without GB,5.09458,4034.35075
EV-SA50 without GB,7.00942,3475.24989
EV-SA50 without GB,9.94918,2830.9534
EV-SA50 without GB,134.9889,225.56946
EV-SA50 without GB,199.98355,190.32423
EV-SA50 without GB,399.96711,413.00358
EV-SA50 without GB,699.74245,764.11797
EV-SA50 without GB,706.14192,762.98793
ESA100W,0.001,0.1
ESA100W,0.00225,400
ESA100W,0.0042,1440
ESA100W,0.0092,2460
ESA100W,0.026,4290
ESA100W,0.0518,5980
ESA100W,0.13,7960
ESA100W,0.168,8320
ESA100W,0.281,8830
ESA100W,0.539,9550
ESA100W,0.812,9730
ESA100W,1.25,9820
ESA100W,1.5,9910
ESA100W,1.81,10000
ESA100W,2.45,10000
ESA100W,3.02,10000
ESA100W,4.09,10000
ESA100W,6.83,9770
ESA100W,9.39,9640
ESA100W,14.5,9330
ESA100W,18,9200
ESA100W,20.5,9120
ESA100W,23.3,9040
ESA100W,26.3,8870
ESA100W,26.3,2830
ESA100W,40.6,2880
ESA100W,59.4,2880
ESA100W,73.1,2860
ESA100W,105,2710
ESA100W,201,2310
ESA100W,361,2050
ESA100W,429,1950
ESA100W,534,1860
ESA100W,760,1700
ESA100WN,0.00203,0.1
ESA100WN,0.00263,400
ESA100WN,0.0042,1440
ESA100WN,0.0092,2460
ESA100WN,0.026,4290
ESA100WN,0.0518,5980
ESA100WN,0.13,7960
ESA100WN,0.168,8320
ESA100WN,0.281,8830
ESA100WN,0.281,8830
ESA100WN,0.539,9550
ESA100WN,0.812,9730
ESA100WN,1.25,9820
ESA100WN,1.5,9910
ESA100WN,1.81,10000
ESA100WN,2.45,10000
ESA100WN,3.02,10000
ESA100WN,4.09,10000
ESA100WN,6.83,9770
ESA100WN,9.39,9640
ESA100WN,14.5,9330
ESA100WN,18,9200
ESA100WN,20.5,9120
ESA100WN,22.5,9060
ESA100WN,22.5,2790
ESA100WN,23.9,2820
ESA100WN,40.6,2880
ESA100WN,59.4,2880
ESA100WN,73.1,2860
ESA100WN,105,2710
ESA100WN,201,2310
ESA100WN,361,2050
ESA100WN,429,1950
ESA100WN,534,1860
ESA100WN,760,1700
ESA15N,3.98,1
ESA15N,4.13,39.3
ESA15N,4.28,179
ESA15N,4.65,321
ESA15N,12,1170
ESA15N,25,1520
ESA15N,48.2,1580
ESA15N,96.8,1570
ESA15N,162,1410
ESA15N,277,1370
ESA15N,760,1300
ESA200W,0.00398,1
ESA200W,0.00525,5000
ESA200W,0.00788,8000
ESA200W,0.02,14800
ESA200W,0.04,17800
ESA200W,0.0704,17400
ESA200W,0.1,17900
ESA200W,0.2,19200
ESA200W,0.4,20200
ESA200W,0.7,20900
ESA200W,1,18800
ESA200W,2,17900
ESA200W,4.01,17100
ESA200W,7.04,16600
ESA200W,10,14300
ESA200W,19.8,9890
ESA200W,39.9,6360
ESA200W,70.3,4530
ESA200W,99.6,3740
ESA200W,200,2840
ESA200W,394,2370
ESA200W,600,2090
ESA200W,760,2000
ESA220W,0.00398,1.21
ESA220W,0.00525,6050
ESA220W,0.00788,9680
ESA220W,0.02,17900
ESA220W,0.04,21600
ESA220W,0.0704,21000
ESA220W,0.1,21700
ESA220W,0.2,23300
ESA220W,0.4,24400
ESA220W,0.7,25200
ESA220W,1,22700
ESA220W,2,21700
ESA220W,4.01,20700
ESA220W,7.04,20000
ESA220W,10,17300
ESA220W,19.8,12000
ESA220W,39.9,7690
ESA220W,70.3,5480
ESA220W,99.6,4530
ESA220W,200,3440
ESA220W,394,2870
ESA220W,600,2520
ESA220W,760,2420
ESA25,0.04,60
ESA25,0.045,330
ESA25,0.05,500
ESA25,0.06,950
ESA25,0.07,1120
ESA25,0.08,1250
ESA25,0.09,1370
ESA25,0.1,1480
ESA25,0.15,1760
ESA25,0.2,1950
ESA25,0.3,2130
ESA25,0.5,2300
ESA25,0.7,2400
ESA25,1,2450
ESA25,2,2500
ESA25,3,2500
ESA25,5,2500
ESA25,10,2450
ESA25,20,2380
ESA25,30,2350
ESA25,50,2250
ESA25,70,2220
ESA25,100,2200
ESA25,200,2100
ESA25,300,1980
ESA25,500,1850
ESA25,760,1750
ESA25D,0.04,60
ESA25D,0.045,330
ESA25D,0.05,500
ESA25D,0.06,948
ESA25D,0.07,1120
ESA25D,0.08,1250
ESA25D,0.09,1370
ESA25D,0.1,1480
ESA25D,0.15,1760
ESA25D,0.2,1950
ESA25D,0.3,2130
ESA25D,0.5,2300
ESA25D,0.7,2400
ESA25D,1,2450
ESA25D,2,2500
ESA25D,3,2500
ESA25D,5,2500
ESA25D,10,2450
ESA25D,20,2380
ESA25D,30,2350
ESA25D,50,2250
ESA25D,70,2220
ESA25D,100,2200
ESA25D,200,2100
ESA25D,300,1980
ESA25D,500,1850
ESA25D,760,1750
ESA25XW - H2,10,6080
ESA25XW - H2,17.5,5210
ESA25XW - H2,26,4680
ESA25XW - H2,36,4220
ESA25XW - H2,44,3970
ESA25XW - H2,51.9,3810
ESA25XW - H2,63,3620
ESA25XW - H2,75,3450
ESA25XW - H2,88,3280
ESA25XW - H2,100,3190
ESA25XW,0.03,50
ESA25XW,0.031,83.3
ESA25XW,0.033,125
ESA25XW,0.035,200
ESA25XW,0.04,433
ESA25XW,0.045,833
ESA25XW,0.05,1330
ESA25XW,0.055,1750
ESA25XW,0.06,2050
ESA25XW,0.07,2450
ESA25XW,0.08,2750
ESA25XW,0.1,3220
ESA25XW,0.15,3830
ESA25XW,0.2,4170
ESA25XW,0.3,4500
ESA25XW,0.4,4720
ESA25XW,0.5,4830
ESA25XW,0.7,4950
ESA25XW,1,4980
ESA25XW,2,5000
ESA25XW,3,5000
ESA25XW,5,5000
ESA25XW,7,4980
ESA25XW,10,4950
ESA25XW,20,4920
ESA25XW,50,4800
ESA25XW,100,4670
ESA25XW,200,4470
ESA25XW,300,4300
ESA25XW,500,4080
ESA25XW,760,3920
ESA300W,0.00398,1
ESA300W,0.00444,4150
ESA300W,0.006,10500
ESA300W,0.00701,11500
ESA300W,0.00998,13500
ESA300W,0.02,17600
ESA300W,0.0401,21000
ESA300W,0.07,23500
ESA300W,0.0998,24600
ESA300W,0.2,27100
ESA300W,0.4,28000
ESA300W,0.55,28000
ESA300W,0.7,28000
ESA300W,0.998,27500
ESA300W,2,25900
ESA300W,4,24800
ESA300W,7.01,23800
ESA300W,10.1,21500
ESA300W,20,14200
ESA300W,40.1,9780
ESA300W,70.5,7600
ESA300W,101,6810
ESA300W,200,5320
ESA300W,259,4880
ESA300W,675,4500
ESA300W,760,4000
ESA500W,0.00675,0.1
ESA500W,0.00873,2260
ESA500W,0.00971,12200
ESA500W,0.01,17800
ESA500W,0.0201,31800
ESA500W,0.04,38500
ESA500W,0.0702,44800
ESA500W,0.1,47900
ESA500W,0.201,47600
ESA500W,0.401,46700
ESA500W,0.702,43800
ESA500W,1.01,42900
ESA500W,2.03,40300
ESA500W,4.02,39700
ESA500W,7.08,35800
ESA500W,10,32300
ESA500W,20.5,24100
ESA500W,40.4,17700
ESA500W,70.6,13600
ESA500W,100,11700
ESA500W,203,9440
ESA500W,400,8180
ESA500W,636,7740
ESA500W,760,7740
ESA500W-SE,0.0225,1
ESA500W-SE,0.03,18500
ESA500W-SE,0.0405,28700
ESA500W-SE,0.0698,34700
ESA500W-SE,0.102,37400
ESA500W-SE,0.201,41300
ESA500W-SE,0.401,43700
ESA500W-SE,0.702,42200
ESA500W-SE,1.03,42200
ESA500W-SE,2.09,40300
ESA500W-SE,4.08,36000
ESA500W-SE,5.82,32000
ESA500W-SE,10.1,21000
ESA500W-SE,20,14200
ESA500W-SE,40.1,9780
ESA500W-SE,70.5,7600
ESA500W-SE,100,6810
ESA500W-SE,200,5320
ESA500W-SE,259,4880
ESA500W-SE,675,4500
ESA500W-SE,760,4450
ESA70W,0.002,1
ESA70W,0.0022,500
ESA70W,0.0026,1000
ESA70W,0.0036,2000
ESA70W,0.0064,3000
ESA70W,0.01,4000
ESA70W,0.02,5000
ESA70W,0.05,6000
ESA70W,0.1,6500
ESA70W,0.2,6800
ESA70W,0.5,7000
ESA70W,1,7000
ESA70W,2,7000
ESA70W,5,6600
ESA70W,10,6400
ESA70W,20,6000
ESA70W,30,5600
ESA70W,31,600
ESA70W,40,800
ESA70W,55,1000
ESA70W,100,1200
ESA70W,200,1300
ESA70W,500,1400
ESA70W,760,1400
ESA70W(60Hz),0.001,1
ESA70W(60Hz),0.00116,848
ESA70W(60Hz),0.00154,1540
ESA70W(60Hz),0.00204,2440
ESA70W(60Hz),0.00271,3000
ESA70W(60Hz),0.00359,3700
ESA70W(60Hz),0.00477,4400
ESA70W(60Hz),0.00632,5090
ESA70W(60Hz),0.00838,5630
ESA70W(60Hz),0.0111,6140
ESA70W(60Hz),0.0147,6540
ESA70W(60Hz),0.0195,6960
ESA70W(60Hz),0.0259,7180
ESA70W(60Hz),0.0343,7390
ESA70W(60Hz),0.0455,7570
ESA70W(60Hz),0.0604,7720
ESA70W(60Hz),0.08,7880
ESA70W(60Hz),0.106,8030
ESA70W(60Hz),0.141,8190
ESA70W(60Hz),0.187,8360
ESA70W(60Hz),0.247,8400
ESA70W(60Hz),0.328,8400
ESA70W(60Hz),0.435,8400
ESA70W(60Hz),0.577,8400
ESA70W(60Hz),0.765,8400
ESA70W(60Hz),1.01,8400
ESA70W(60Hz),1.34,8320
ESA70W(60Hz),1.78,8250
ESA70W(60Hz),2.36,8180
ESA70W(60Hz),3.13,8110
ESA70W(60Hz),4.15,8050
ESA70W(60Hz),5.51,7930
ESA70W(60Hz),7.3,7710
ESA70W(60Hz),9.69,7510
ESA70W(60Hz),12.8,7310
ESA70W(60Hz),17,7110
ESA70W(60Hz),22.6,6940
ESA70W(60Hz),29.9,6800
ESA70W(60Hz),39.7,916
ESA70W(60Hz),52.6,1120
ESA70W(60Hz),69.8,1300
ESA70W(60Hz),92.5,1430
ESA70W(60Hz),123,1490
ESA70W(60Hz),163,1550
ESA70W(60Hz),216,1610
ESA70W(60Hz),286,1630
ESA70W(60Hz),379,1660
ESA70W(60Hz),503,1680
ESA70W(60Hz),667,1690
ESA70W(60Hz),760,1700
ESA70W(N),0.004,12.5
ESA70W(N),0.00593,1300
ESA70W(N),0.0116,2740
ESA70W(N),0.0229,3990
ESA70W(N),0.045,5270
ESA70W(N),0.0883,6030
ESA70W(N),0.174,6570
ESA70W(N),0.341,6890
ESA70W(N),0.67,7010
ESA70W(N),1.32,7010
ESA70W(N),2.58,6990
ESA70W(N),5.08,6940
ESA70W(N),9.97,6870
ESA70W(N),19.6,6770
ESA70W(N),38.5,848
ESA70W(N),75.6,1220
ESA70W(N),149,1390
ESA70W(N),292,1450
ESA70W(N),573,1460
ESA70W(N),760,1460
ESA70W(N)-60Hz,760,1630
ESA70W(N)-60Hz,500,1670
ESA70W(N)-60Hz,300,1680
ESA70W(N)-60Hz,200,1620
ESA70W(N)-60Hz,100,1450
ESA70W(N)-60Hz,90,1400
ESA70W(N)-60Hz,80,1350
ESA70W(N)-60Hz,70,1300
ESA70W(N)-60Hz,60,1200
ESA70W(N)-60Hz,50,1100
ESA70W(N)-60Hz,40,960
ESA70W(N)-60Hz,30,770
ESA70W(N)-60Hz,30,6600
ESA70W(N)-60Hz,20,6900
ESA70W(N)-60Hz,10,7400
ESA70W(N)-60Hz,5,7800
ESA70W(N)-60Hz,3,8000
ESA70W(N)-60Hz,2,8200
ESA70W(N)-60Hz,1,8300
ESA70W(N)-60Hz,0.5,8200
ESA70W(N)-60Hz,0.3,8000
ESA70W(N)-60Hz,0.2,7700
ESA70W(N)-60Hz,0.15,7420
ESA70W(N)-60Hz,0.1,7000
ESA70W(N)-60Hz,0.07,6600
ESA70W(N)-60Hz,0.05,6000
ESA70W(N)-60Hz,0.03,5200
ESA70W(N)-60Hz,0.02,4400
ESA70W(N)-60Hz,0.015,3900
ESA70W(N)-60Hz,0.01,3000
ESA70W(N)-60Hz,0.009,2800
ESA70W(N)-60Hz,0.008,2550
ESA70W(N)-60Hz,0.007,2300
ESA70W(N)-60Hz,0.006,2000
ESA70W(N)-60Hz,0.005,1700
ESA70W(N)-60Hz,0.004,1350
ESA70W(N)-60Hz,0.003,940
ESA70W(N)-60Hz,0.002,450
ESA70W(N)-60Hz,0.001,33
ESA80W-HDF,0.00098,1
ESA80W-HDF,0.001,33
ESA80W-HDF,0.0015,240
ESA80W-HDF,0.002,450
ESA80W-HDF,0.0025,730
ESA80W-HDF,0.0035,1150
ESA80W-HDF,0.005,1700
ESA80W-HDF,0.007,2300
ESA80W-HDF,0.01,3000
ESA80W-HDF,0.015,3900
ESA80W-HDF,0.02,4400
ESA80W-HDF,0.03,5200
ESA80W-HDF,0.05,6000
ESA80W-HDF,0.07,6600
ESA80W-HDF,0.1,7000
ESA80W-HDF,0.15,7420
ESA80W-HDF,0.2,7700
ESA80W-HDF,0.3,8000
ESA80W-HDF,0.5,8200
ESA80W-HDF,1,8300
ESA80W-HDF,2,8200
ESA80W-HDF,3,8000
ESA80W-HDF,5,7800
ESA80W-HDF,10,7400
ESA80W-HDF,20,6900
ESA80W-HDF,30,6600
ESA80W-HDF,34.5,6490
ESA80W-HDF,40,960
ESA80W-HDF,50,1100
ESA80W-HDF,60,1200
ESA80W-HDF,80,1350
ESA80W-HDF,100,1450
ESA80W-HDF,200,1620
ESA80W-HDF,300,1680
ESA80W-HDF,500,1670
ESA80W-HDF,760,1630
ESA80WN-HDF_H2,2.0098,7562.94535
ESA80WN-HDF_H2,4.10959,7397.33341
ESA80WN-HDF_H2,6.38936,7136.86392
ESA80WN-HDF_H2,8.9891,6763.74645
ESA80WN-HDF_H2,12.06879,6297.23287
ESA80WN-HDF_H2,15.71843,5802.10693
ESA80WN-HDF_H2,19.92801,5339.21932
ESA80WN-HDF_H2,24.64754,4933.55624
ESA80WN-HDF_H2,29.74703,4598.77921
ESA80WN-HDF_H2,34.9565,4348.26091
ESR100WN,0.0015,10
ESR100WN,0.0018,700
ESR100WN,0.003,1500
ESR100WN,0.00435,2030
ESR100WN,0.00735,2780
ESR100WN,0.0105,3220
ESR100WN,0.021,4300
ESR100WN,0.0413,5400
ESR100WN,0.0698,6500
ESR100WN,0.0998,7200
ESR100WN,0.2,8500
ESR100WN,0.398,9500
ESR100WN,0.698,9800
ESR100WN,0.998,10000
ESR100WN,2,9750
ESR100WN,3.99,9400
ESR100WN,6.98,8850
ESR100WN,9.98,7450
ESR100WN,12.8,6300
ESR100WN,18,4800
ESR100WN,20.9,4300
ESR100WN,30,3500
ESR100WN,50,2500
ESR100WN,200,600
ESR100WN,542,360
ESR100WN,745,320
ESR100WN,760,320
ESR200WN,0.00098,1
ESR200WN,0.0015,2500
ESR200WN,0.00203,3500
ESR200WN,0.00398,5000
ESR200WN,0.00698,6500
ESR200WN,0.00998,7500
ESR200WN,0.02,10500
ESR200WN,0.04,13200
ESR200WN,0.07,16400
ESR200WN,0.0998,18000
ESR200WN,0.2,19600
ESR200WN,0.4,20500
ESR200WN,0.7,20500
ESR200WN,0.998,18500
ESR200WN,2,16800
ESR200WN,4,13300
ESR200WN,7,8650
ESR200WN,9.98,6630
ESR200WN,20,4500
ESR200WN,40,3000
ESR200WN,70,2150
ESR200WN,99.8,1500
ESR200WN,200,600
ESR200WN,542,360
ESR200WN,745,320
ESR200WN,760,300
ESR201W-LT_BP5000rpm_MP4000rpm,0.001,1
ESR201W-LT_BP5000rpm_MP4000rpm,0.00101,10
ESR201W-LT_BP5000rpm_MP4000rpm,0.00113,1000
ESR201W-LT_BP5000rpm_MP4000rpm,0.00173,2800
ESR201W-LT_BP5000rpm_MP4000rpm,0.00225,4000
ESR201W-LT_BP5000rpm_MP4000rpm,0.003,5000
ESR201W-LT_BP5000rpm_MP4000rpm,0.00375,6500
ESR201W-LT_BP5000rpm_MP4000rpm,0.0045,7000
ESR201W-LT_BP5000rpm_MP4000rpm,0.006,8000
ESR201W-LT_BP5000rpm_MP4000rpm,0.00675,9000
ESR201W-LT_BP5000rpm_MP4000rpm,0.0075,9090
ESR201W-LT_BP5000rpm_MP4000rpm,0.0086,9600
ESR201W-LT_BP5000rpm_MP4000rpm,0.01,10200
ESR201W-LT_BP5000rpm_MP4000rpm,0.025,13300
ESR201W-LT_BP5000rpm_MP4000rpm,0.0451,15100
ESR201W-LT_BP5000rpm_MP4000rpm,0.0612,15200
ESR201W-LT_BP5000rpm_MP4000rpm,0.0805,16000
ESR201W-LT_BP5000rpm_MP4000rpm,0.1,16500
ESR201W-LT_BP5000rpm_MP4000rpm,0.206,17400
ESR201W-LT_BP5000rpm_MP4000rpm,0.402,17700
ESR201W-LT_BP5000rpm_MP4000rpm,0.702,18000
ESR201W-LT_BP5000rpm_MP4000rpm,1,17900
ESR201W-LT_BP5000rpm_MP4000rpm,2.08,15800
ESR201W-LT_BP5000rpm_MP4000rpm,4.04,14200
ESR201W-LT_BP5000rpm_MP4000rpm,5.17,13600
ESR201W-LT_BP5000rpm_MP4000rpm,7.08,13200
ESR201W-LT_BP5000rpm_MP4000rpm,10.1,12400
ESR201W-LT_BP5000rpm_MP4000rpm,15.8,10700
ESR201W-LT_BP5000rpm_MP4000rpm,26.1,7720
ESR201W-LT_BP5000rpm_MP4000rpm,40,6080
ESR201W-LT_BP5000rpm_MP4000rpm,69.7,4610
ESR201W-LT_BP5000rpm_MP4000rpm,101,3100
ESR201W-LT_BP5000rpm_MP4000rpm,252,1610
ESR201W-LT_BP5000rpm_MP4000rpm,404,1220
ESR201W-LT_BP5000rpm_MP4000rpm,599,1130
ESR201W-LT_BP5000rpm_MP4000rpm,734,1090
ESR201W-LT_BP5000rpm_MP4000rpm,760,1090
ESR20N,0.015,1
ESR20N,0.0225,100
ESR20N,0.0326,397
ESR20N,0.0596,817
ESR20N,0.0999,1130
ESR20N,0.2,1460
ESR20N,0.4,1710
ESR20N,0.699,1900
ESR20N,0.999,1950
ESR20N,2,2000
ESR20N,4,2000
ESR20N,6.99,2000
ESR20N,9.99,2000
ESR20N,20,2000
ESR20N,40,1890
ESR20N,69.9,1710
ESR20N,99.9,1640
ESR20N,200,561
ESR20N,400,414
ESR20N,738,317
ESR20N,760,300
ESR300WN,0.0015,1
ESR300WN,0.0017,5000
ESR300WN,0.00203,7020
ESR300WN,0.00413,11400
ESR300WN,0.00698,15000
ESR300WN,0.00998,17400
ESR300WN,0.02,23500
ESR300WN,0.07,28200
ESR300WN,0.1,29600
ESR300WN,0.2,32800
ESR300WN,0.4,34100
ESR300WN,2,27400
ESR300WN,4,20100
ESR300WN,7,15200
ESR300WN,10,11900
ESR300WN,20.3,6840
ESR300WN,40,4720
ESR300WN,70.4,3580
ESR300WN,101,2800
ESR300WN,200,1520
ESR300WN,400,979
ESR300WN,694,767
ESR300WN,760,700
ESR30N,0.005,1
ESR30N,0.00525,300
ESR30N,0.0074,800
ESR30N,0.0128,1210
ESR30N,0.0225,1610
ESR30N,0.041,2070
ESR30N,0.0776,2400
ESR30N,0.104,2530
ESR30N,0.214,2810
ESR30N,0.409,2900
ESR30N,0.77,3000
ESR30N,1,3100
ESR30N,2.03,3130
ESR30N,4.05,3260
ESR30N,7.8,3200
ESR30N,10.2,3200
ESR30N,20.1,3200
ESR30N,41.4,3270
ESR30N,74.5,3160
ESR30N,80.6,3150
ESR30N,93.7,3000
ESR30N,104,2900
ESR30N,135,2500
ESR30N,200,2000
ESR30N,300,1500
ESR30N,400,1200
ESR30N,500,1010
ESR30N,600,1000
ESR30N,700,900
ESR30N,760,850
ESR500W-LT ,0.0015,1
ESR500W-LT ,0.003,5229.2
ESR500W-LT ,0.004,11579
ESR500W-LT ,0.007,14407
ESR500W-LT ,0.0101,16419.9
ESR500W-LT ,0.0201,20069.5
ESR500W-LT ,0.04,22224.2
ESR500W-LT ,0.07,23478.1
ESR500W-LT ,0.1,23905
ESR500W-LT ,0.2001,25386.4
ESR500W-LT ,0.4,25772.6
ESR500W-LT ,0.7,26679.7
ESR500W-LT ,0.9999,26146.1
ESR500W-LT ,1.9998,25025.5
ESR500W-LT ,3.9997,23531.5
ESR500W-LT ,6.9995,21877.3
ESR500W-LT ,8.2394,21758.2
ESR500W-LT ,9.9992,19176.5
ESR500W-LT ,42.5965,5210.7
ESR500W-LT ,70.3342,3902.7
ESR80WN,0.0015,10
ESR80WN,0.0018,700
ESR80WN,0.003,1500
ESR80WN,0.005,2270
ESR80WN,0.007,2560
ESR80WN,0.00998,3000
ESR80WN,0.03,4600
ESR80WN,0.05,5600
ESR80WN,0.07,6390
ESR80WN,0.0998,6990
ESR80WN,0.3,8280
ESR80WN,0.5,8450
ESR80WN,0.7,8500
ESR80WN,0.998,8600
ESR80WN,3,8500
ESR80WN,5,8300
ESR80WN,7,7800
ESR80WN,9,7000
ESR80WN,9.98,6500
ESR80WN,30,3500
ESR80WN,50,2500
ESR80WN,200,600
ESR80WN,542,360
ESR80WN,745,320
ESR80WN,760,300
EST100WN,0.003,10
EST100WN,0.00323,657
EST100WN,0.00398,1660
EST100WN,0.00698,3180
EST100WN,0.011,3930
EST100WN,0.02,4800
EST100WN,0.04,6430
EST100WN,0.07,8080
EST100WN,0.0998,8340
EST100WN,0.2,9030
EST100WN,0.4,10000
EST100WN,0.7,10000
EST100WN,0.998,10000
EST100WN,2,10000
EST100WN,4,10000
EST100WN,7,10000
EST100WN,9.98,10000
EST100WN,20,10000
EST100WN,40,6860
EST100WN,70,4290
EST100WN,200,1960
EST100WN,500,1570
EST100WN,760,1530
EST200WN,0.003,10
EST200WN,0.0036,1530
EST200WN,0.006,6730
EST200WN,0.00773,9150
EST200WN,0.0108,11200
EST200WN,0.02,15200
EST200WN,0.04,19200
EST200WN,0.07,20000
EST200WN,0.0998,20000
EST200WN,0.2,20000
EST200WN,0.4,20000
EST200WN,0.7,20000
EST200WN,0.998,20000
EST200WN,2,17200
EST200WN,4,11900
EST200WN,7,8680
EST200WN,9.98,6650
EST200WN,20,4070
EST200WN,40,2570
EST200WN,75,1710
EST200WN,200,1310
EST200WN,500,1280
EST200WN,760,1280
EST25N,0.0203,1
EST25N,0.0211,500
EST25N,0.03,942
EST25N,0.0356,981
EST25N,0.04,1120
EST25N,0.055,1340
EST25N,0.07,1570
EST25N,0.0998,1820
EST25N,0.2,2280
EST25N,0.4,2430
EST25N,0.7,2490
EST25N,0.998,2660
EST25N,2,2660
EST25N,4,2660
EST25N,7,2670
EST25N,16,2040
EST25N,33.5,1620
EST25N,55.7,1360
EST25N,725,1170
EST25N,760,1150
EST300WN,0.003,10
EST300WN,0.00398,2330
EST300WN,0.00525,5250
EST300WN,0.00713,9600
EST300WN,0.00998,12200
EST300WN,0.02,18800
EST300WN,0.04,24700
EST300WN,0.07,28200
EST300WN,0.0998,30000
EST300WN,0.2,30000
EST300WN,0.4,30000
EST300WN,0.7,30000
EST300WN,0.998,29600
EST300WN,2,23400
EST300WN,4,16200
EST300WN,7.25,10500
EST300WN,9.83,8370
EST300WN,19.4,4780
EST300WN,40,2940
EST300WN,70,1890
EST300WN,200,1370
EST300WN,500,1310
EST300WN,760,1250
EST301WN,0.00375,1
EST301WN,0.00405,5180
EST301WN,0.01,13000
EST301WN,0.02,18600
EST301WN,0.04,23000
EST301WN,0.07,27500
EST301WN,0.1,29000
EST301WN,0.2,30000
EST301WN,0.4,30000
EST301WN,0.7,29000
EST301WN,1,28000
EST301WN,2,20900
EST301WN,4,13800
EST301WN,7,9700
EST301WN,19.9,3750
EST301WN,41.4,2480
EST301WN,70,1890
EST301WN,200,1370
EST301WN,500,1310
EST301WN,760,1250
EST500WN,0.003,10
EST500WN,0.00338,1000
EST500WN,0.00413,3000
EST500WN,0.0075,9000
EST500WN,0.0102,15200
EST500WN,0.0199,25300
EST500WN,0.0399,35300
EST500WN,0.0702,41400
EST500WN,0.101,43800
EST500WN,0.2,48800
EST500WN,0.401,50000
EST500WN,0.701,49500
EST500WN,0.78,48700
EST500WN,0.87,48500
EST500WN,0.998,48900
EST500WN,1.12,48100
EST500WN,1.29,48200
EST500WN,1.46,47700
EST500WN,1.66,46500
EST500WN,1.81,46800
EST500WN,1.99,46300
EST500WN,3,38000
EST500WN,4.5,31000
EST500WN,7.5,22000
EST500WN,11.3,16000
EST500WN,15,12000
EST500WN,18.8,9000
EST500WN,22.5,7000
EST500WN,27.8,5000
EST500WN,37.5,3500
EST500WN,50,2700
EST500WN,99.8,1500
EST500WN,200,1300
EST500WN,500,1270
EST500WN,743,1250
EST500WN,760,1200
EST500WN-XHN,0.0038,1
EST500WN-XHN,0.0038,1199.765
EST500WN-XHN,0.0039,10
EST500WN-XHN,0.004,2485.88
EST500WN-XHN,0.0092,13843.405
EST500WN-XHN,0.0405,37206.72667
EST500WN-XHN,0.1328,48263.16667
EST500WN-XHN,0.5667,50583.98333
EST500WN-XHN,1.8572,48263.16667
EST500WN-XHN,12.1642,15361.75
EST500WN-XHN,33.8064,4641.588333
EST500WN-XHN,93.9536,1726.983333
EST500WN-XHN,181.681,1331.355
EST500WN-XHN,750,1331.355
EST500WN-XHN,1000,1331.355
EST800WN,0.0021,1
EST800WN,0.004,7100
EST800WN,0.007,18200
EST800WN,0.01,25000
EST800WN,0.02,40500
EST800WN,0.04,54500
EST800WN,0.07,62000
EST800WN,0.1,68300
EST800WN,0.2,77600
EST800WN,0.4,80000
EST800WN,0.7,77600
EST800WN,1,72000
EST800WN,2,59500
EST800WN,4,40000
EV-L100N,0.00375,1
EV-L100N,0.0045,1000
EV-L100N,0.006,2500
EV-L100N,0.01,4410
EV-L100N,0.02,6000
EV-L100N,0.04,7600
EV-L100N,0.07,8690
EV-L100N,0.1,9270
EV-L100N,0.2,9880
EV-L100N,0.4,10300
EV-L100N,0.7,10400
EV-L100N,1,10300
EV-L100N,2,9880
EV-L100N,4,8930
EV-L100N,7,8250
EV-L100N,10,7750
EV-L100N,12.2,7330
EV-L100N,20,5360
EV-L100N,40,3480
EV-L100N,70,2580
EV-L100N,605,281
EV-L100N,647,279
EV-M102N,0.00375,0.001
EV-M102N,0.004,2720
EV-M102N,0.0071,4920
EV-M102N,0.02,7100
EV-M102N,0.0402,8450
EV-M102N,0.0699,9120
EV-M102N,0.1,9480
EV-M102N,0.2,9860
EV-M102N,0.399,10000
EV-M102N,0.701,10000
EV-M102N,0.997,10000
EV-M102N,2.53,9400
EV-M102N,3.33,8830
EV-M102N,6.53,7000
EV-M102N,14.5,4380
EV-M102N,30.8,2810
EV-M102N,211,612
EV-M102N,411,451
EV-M102N,732,400
EV-M1205,0.00375,1
EV-M1205,0.00525,16500
EV-M1205,0.00675,33700
EV-M1205,0.00975,46500
EV-M1205,0.0203,69800
EV-M1205,0.0398,89200
EV-M1205,0.0698,103000
EV-M1205,0.0998,109000
EV-M1205,0.2,112000
EV-M1205,0.4,112000
EV-M1205,0.7,110000
EV-M1205,0.855,109000
EV-M1205,1,97700
EV-M1205,2,49600
EV-M1205,14.4,8220
EV-M1205,20,6860
EV-M1205,40,4910
EV-M1205,70.5,3800
EV-M1205,101,2980
EV-M1205,203,1970
EV-M1205,400,1510
EV-M1205,640,1330
EV-M202N,0.00375,1
EV-M202N,0.00398,3500
EV-M202N,0.00698,7680
EV-M202N,0.02,13400
EV-M202N,0.04,17100
EV-M202N,0.0701,19000
EV-M202N,0.101,19800
EV-M202N,0.209,20000
EV-M202N,0.4,20000
EV-M202N,0.701,19800
EV-M202N,1.01,19000
EV-M202N,2.03,14700
EV-M202N,4.07,9800
EV-M202N,7.02,7100
EV-M202N,9.9,5740
EV-M202N,20,3680
EV-M202N,40.1,2320
EV-M202N,70.2,1510
EV-M202N,211,610
EV-M202N,410,450
EV-M202N,732,400
EV-M20N,0.0375,10
EV-M20N,0.045,448
EV-M20N,0.0706,854
EV-M20N,0.0999,1050
EV-M20N,0.201,1340
EV-M20N,0.401,1520
EV-M20N,0.701,1610
EV-M20N,1,1620
EV-M20N,4,1780
EV-M20N,7,1800
EV-M20N,10.1,1770
EV-M20N,20,1780
EV-M20N,40,1740
EV-M20N,71.9,1600
EV-M20N,107,1440
EV-M20N,193,955
EV-M20N,401,664
EV-M20N,706,520
EV-M20N,733,513
EV-M302N,0.00375,10
EV-M302N,0.00503,3310
EV-M302N,0.0075,8000
EV-M302N,0.0101,10000
EV-M302N,0.021,15500
EV-M302N,0.041,19200
EV-M302N,0.0703,21700
EV-M302N,0.101,23700
EV-M302N,0.204,26900
EV-M302N,0.404,27500
EV-M302N,0.615,25500
EV-M302N,1.01,22500
EV-M302N,2.06,14500
EV-M302N,4.07,9460
EV-M302N,7.02,6720
EV-M302N,10,5340
EV-M302N,21,3520
EV-M302N,40.3,2600
EV-M302N,70.2,2160
EV-M302N,100,1580
EV-M302N,226,604
EV-M302N,413,461
EV-M302N,737,407
EV-M502N,0.00375,10
EV-M502N,0.00405,5330
EV-M502N,0.0069,13200
EV-M502N,0.0101,18100
EV-M502N,0.0204,28000
EV-M502N,0.0405,36600
EV-M502N,0.07,41300
EV-M502N,0.101,44000
EV-M502N,0.2,48000
EV-M502N,0.4,49500
EV-M502N,0.5,50000
EV-M502N,0.701,49900
EV-M502N,1.03,44400
EV-M502N,2,31200
EV-M502N,4.07,18500
EV-M502N,7.04,10300
EV-M502N,10.3,6720
EV-M502N,21.4,3620
EV-M502N,40.1,2320
EV-M502N,70.1,1730
EV-M502N,99.3,1490
EV-M502N,199,1030
EV-M502N,403,741
EV-M502N,747,571
EV-M502N(M25),0.00375,1
EV-M502N(M25),0.00413,6430
EV-M502N(M25),0.0072,14000
EV-M502N(M25),0.0099,18800
EV-M502N(M25),0.0202,29600
EV-M502N(M25),0.0399,38900
EV-M502N(M25),0.0699,43300
EV-M502N(M25),0.0998,45900
EV-M502N(M25),0.2,49900
EV-M502N(M25),0.4,49900
EV-M502N(M25),0.7,50000
EV-M502N(M25),0.782,49900
EV-M502N(M25),0.998,48200
EV-M502N(M25),2,37700
EV-M502N(M25),4.01,23800
EV-M502N(M25),39.4,2890
EV-M502N(M25),69.3,2030
EV-M502N(M25),101,1500
EV-M502N(M25),200,856
EV-M502N(M25),400,580
EV-M502N(M25),700,469
EV-M502N(M25),743,465
EV-M502NF,0.00375,1
EV-M502NF,0.00405,5330
EV-M502NF,0.0069,13200
EV-M502NF,0.0101,18100
EV-M502NF,0.0204,28000
EV-M502NF,0.0405,36600
EV-M502NF,0.07,41300
EV-M502NF,0.101,44000
EV-M502NF,0.2,48000
EV-M502NF,0.4,49500
EV-M502NF,0.5,50200
EV-M502NF,0.698,49700
EV-M502NF,0.998,49500
EV-M502NF,2,48200
EV-M502NF,4.05,26000
EV-M502NF,6.8,13900
EV-M502NF,10.3,8000
EV-M502NF,21.4,3620
EV-M502NF,40.1,2320
EV-M502NF,70.2,1510
EV-M502NF,211,610
EV-M502NF,410,450
EV-M502NF,732,400
EV-M505SF,0.004,0.1
EV-M505SF,0.0071,8560
EV-M505SF,0.01,13700
EV-M505SF,0.0207,23000
EV-M505SF,0.0429,31100
EV-M505SF,0.0762,35800
EV-M505SF,0.109,38500
EV-M505SF,0.223,42000
EV-M505SF,0.435,44800
EV-M505SF,0.769,45600
EV-M505SF,1.1,46600
EV-M505SF,2.24,45300
EV-M505SF,2.59,45100
EV-M505SF,3.51,44400
EV-M505SF,3.76,44500
EV-M505SF,11.8,18200
EV-M505SF,14.9,13500
EV-M505SF,19.9,11500
EV-M505SF,41.4,4790
EV-M505SF,71.9,3550
EV-M505SF,107,3090
EV-M505SF,193,2400
EV-M505SF,401,1740
EV-M505SF,707,1450
EV-M802N,0.00383,10
EV-M802N,0.0042,14200
EV-M802N,0.00998,40800
EV-M802N,0.04,66700
EV-M802N,0.0711,75000
EV-M802N,0.099,77800
EV-M802N,0.233,80000
EV-M802N,0.285,80000
EV-M802N,0.386,77000
EV-M802N,0.69,64100
EV-M802N,1.08,54000
EV-M802N,2.33,34000
EV-M802N,10.3,6720
EV-M802N,19.9,3750
EV-M802N,41.4,2480
EV-M802N,71.9,1840
EV-M802N,107,1440
EV-M802N,193,955
EV-M802N,401,664
EV-M802N,706,520
EV-M802N,733,513
EV-M802NF,0.00375,1
EV-M802NF,0.00525,12800
EV-M802NF,0.0072,27000
EV-M802NF,0.00998,37200
EV-M802NF,0.02,54700
EV-M802NF,0.0399,66000
EV-M802NF,0.07,74200
EV-M802NF,0.1,77600
EV-M802NF,0.2,78900
EV-M802NF,0.403,80000
EV-M802NF,0.59,80000
EV-M802NF,0.698,80000
EV-M802NF,1.01,65300
EV-M802NF,1.94,35100
EV-M802NF,40,2270
EV-M802NF,69.9,1600
EV-M802NF,98,1300
EV-M802NF,203,846
EV-M802NF,391,691
EV-M802NF,699,572
EV-M802NF,735,556
EV-M802NF,760,555
EV-M805SF-BME,0.00375,1
EV-M805SF-BME,0.00525,22800
EV-M805SF-BME,0.0072,27000
EV-M805SF-BME,0.00998,37200
EV-M805SF-BME,0.02,74700
EV-M805SF-BME,0.0399,81000
EV-M805SF-BME,0.07,85000
EV-M805SF-BME,0.1,92500
EV-M805SF-BME,0.2,93000
EV-M805SF-BME,0.403,93000
EV-M805SF-BME,0.59,94000
EV-M805SF-BME,0.698,94000
EV-M805SF-BME,1.01,94000
EV-M805SF-BME,1.94,72000
EV-M805SF-BME,40,5270
EV-M805SF-BME,69.9,3500
EV-M805SF-BME,98,2500
EV-M805SF-BME,203,1550
EV-M805SF-BME,391,1290
EV-M805SF-BME,699,1000
EV-M805SF-BME,735,1000
EV-M805SF-BME,760,1000
EV-S100 ,0.00375,0.1
EV-S100 ,0.00375,1580
EV-S100 ,0.00409,3100
EV-S100 ,0.00708,4050
EV-S100 ,0.00998,4690
EV-S100 ,0.02,6640
EV-S100 ,0.04,7860
EV-S100 ,0.0697,8550
EV-S100 ,0.1,8920
EV-S100 ,0.2,9440
EV-S100 ,0.399,9800
EV-S100 ,0.698,9870
EV-S100 ,1.02,10000
EV-S100 ,2,9420
EV-S100 ,4,8530
EV-S100 ,7.04,7250
EV-S100 ,10.9,6570
EV-S100 ,82.8,2000
EV-S100 ,101,1600
EV-S100 ,197,1000
EV-S100 ,385,800
EV-S100 ,661,993
EV-S100(P),0.00375,0.1
EV-S100(P),0.00375,1580
EV-S100(P),0.00409,3100
EV-S100(P),0.00708,4050
EV-S100(P),0.00998,4690
EV-S100(P),0.02,6640
EV-S100(P),0.04,7860
EV-S100(P),0.0697,8550
EV-S100(P),0.1,8920
EV-S100(P),0.2,9440
EV-S100(P),0.399,9800
EV-S100(P),0.698,9870
EV-S100(P),1.02,10000
EV-S100(P),2,9420
EV-S100(P),4,8530
EV-S100(P),7.04,7250
EV-S100(P),10.9,6570
EV-S100(P),82.8,2000
EV-S100(P),101,1600
EV-S100(P),197,1000
EV-S100(P),385,800
EV-S100(P),661,993
EV-S100(P),760,992
EV-S100N,0.00375,0.1
EV-S100N,0.00429,3160
EV-S100N,0.00552,3590
EV-S100N,0.00712,4070
EV-S100N,0.00916,4560
EV-S100N,0.0118,5130
EV-S100N,0.0152,5790
EV-S100N,0.0196,6530
EV-S100N,0.0252,7010
EV-S100N,0.0325,7470
EV-S100N,0.0418,7920
EV-S100N,0.0539,8220
EV-S100N,0.0694,8540
EV-S100N,0.0893,8820
EV-S100N,0.115,9040
EV-S100N,0.148,9220
EV-S100N,0.191,9400
EV-S100N,0.246,9540
EV-S100N,0.316,9670
EV-S100N,0.408,9800
EV-S100N,0.525,9830
EV-S100N,0.676,9870
EV-S100N,0.871,9940
EV-S100N,1.12,9940
EV-S100N,1.44,9710
EV-S100N,1.86,9490
EV-S100N,2.4,9190
EV-S100N,3.09,8860
EV-S100N,3.97,8530
EV-S100N,5.12,7940
EV-S100N,6.59,7390
EV-S100N,8.49,6970
EV-S100N,10.9,6610
EV-S100N,14.1,5750
EV-S100N,18.1,4940
EV-S100N,23.4,4250
EV-S100N,30.1,3650
EV-S100N,38.7,3140
EV-S100N,49.9,2700
EV-S100N,64.2,2320
EV-S100N,82.7,1990
EV-S100N,107,1460
EV-S100N,137,1120
EV-S100N,177,864
EV-S100N,228,643
EV-S100N,293,460
EV-S100N,378,329
EV-S100N,486,253
EV-S100N,626,201
EV-S100N,750,180
EV-S20,0.0225,0.1
EV-S20,0.0415,359
EV-S20,0.0721,643
EV-S20,0.102,801
EV-S20,0.207,1180
EV-S20,0.406,1320
EV-S20,0.701,1400
EV-S20,1,1500
EV-S20,2.06,1650
EV-S20,4.01,1680
EV-S20,7.08,1610
EV-S20,10.1,1510
EV-S20,20,1440
EV-S20,40.5,1270
EV-S20,70.1,1200
EV-S20,99.1,1140
EV-S20,200,750
EV-S20,416,800
EV-S20,683,899
EV-S200 ,0.00375,0.1
EV-S200 ,0.00375,3000
EV-S200 ,0.00489,5310
EV-S200 ,0.00678,6460
EV-S200 ,0.0105,8210
EV-S200 ,0.02,10800
EV-S200 ,0.0708,15500
EV-S200 ,0.108,17000
EV-S200 ,0.205,19500
EV-S200 ,0.402,20400
EV-S200 ,0.702,20100
EV-S200 ,1.01,19400
EV-S200 ,4.05,14300
EV-S200 ,5.25,12500
EV-S200 ,7.5,10500
EV-S200 ,19.9,5800
EV-S200 ,39.4,3600
EV-S200 ,67,2500
EV-S200 ,109,1700
EV-S200 ,109,1700
EV-S200 ,198,1000
EV-S200 ,389,800
EV-S200 ,678,1000
EV-S200(P),0.00375,0.1
EV-S200(P),0.00429,3160
EV-S200(P),0.00554,5720
EV-S200(P),0.00714,6650
EV-S200(P),0.00921,7650
EV-S200(P),0.0119,8660
EV-S200(P),0.0153,9640
EV-S200(P),0.0198,10700
EV-S200(P),0.0255,11600
EV-S200(P),0.0329,12400
EV-S200(P),0.0424,13400
EV-S200(P),0.0547,14400
EV-S200(P),0.0706,15500
EV-S200(P),0.0911,16400
EV-S200(P),0.117,17300
EV-S200(P),0.152,18300
EV-S200(P),0.195,19300
EV-S200(P),0.252,19700
EV-S200(P),0.325,20100
EV-S200(P),0.42,20300
EV-S200(P),0.541,20200
EV-S200(P),0.698,20100
EV-S200(P),0.9,19600
EV-S200(P),1.16,18800
EV-S200(P),1.5,17800
EV-S200(P),1.93,16900
EV-S200(P),2.49,16000
EV-S200(P),3.22,15100
EV-S200(P),4.15,14200
EV-S200(P),5.35,12400
EV-S200(P),6.9,10900
EV-S200(P),8.9,9460
EV-S200(P),11.5,8100
EV-S200(P),14.8,6940
EV-S200(P),19.1,5940
EV-S200(P),24.6,5000
EV-S200(P),31.8,4180
EV-S200(P),41,3510
EV-S200(P),52.9,2940
EV-S200(P),68.2,2470
EV-S200(P),88,2010
EV-S200(P),114,1640
EV-S200(P),146,1310
EV-S200(P),189,1040
EV-S200(P),244,933
EV-S200(P),314,858
EV-S200(P),405,813
EV-S200(P),523,901
EV-S200(P),674,998
EV-S200(P),760,1000
EV-S200N,0.00375,0.1
EV-S200N,0.00375,3000
EV-S200N,0.00489,5310
EV-S200N,0.00678,6460
EV-S200N,0.0105,8210
EV-S200N,0.02,10800
EV-S200N,0.0708,15500
EV-S200N,0.108,17000
EV-S200N,0.205,19500
EV-S200N,0.402,20400
EV-S200N,0.702,20100
EV-S200N,1.01,19400
EV-S200N,4.05,14300
EV-S200N,5.25,12500
EV-S200N,7.5,10500
EV-S200N,19.9,5800
EV-S200N,39.4,3600
EV-S200N,67,2500
EV-S200N,109,1700
EV-S200N,109,1700
EV-S200N,206,850
EV-S200N,403,350
EV-S200N,705,180
EV-S200N,760,180
EV-S200大流量,0.00188,0
EV-S200大流量,0.0042,4590
EV-S200大流量,0.0072,6970
EV-S200大流量,0.0103,8620
EV-S200大流量,0.0201,11900
EV-S200大流量,0.0404,15300
EV-S200大流量,0.0701,17600
EV-S200大流量,0.1,18500
EV-S200大流量,0.197,19300
EV-S200大流量,0.401,19300
EV-S200大流量,0.697,17700
EV-S200大流量,0.996,17000
EV-S200大流量,1.29,15600
EV-S200大流量,2,11900
EV-S200大流量,4,7330
EV-S200大流量,7.01,4740
EV-S200大流量,9.99,3550
EV-S200大流量,19.4,1990
EV-S200大流量,40,1060
EV-S200大流量,306,146
EV-S200大流量,321,195
EV-S200大流量,342,284
EV-S200大流量,370,352
EV-S200大流量,401,408
EV-S200大流量,417,442
EV-S200大流量,706,739
EV-S20N,0.0375,0.1
EV-S20N,0.045,150
EV-S20N,0.0721,550
EV-S20N,0.102,801
EV-S20N,0.207,1180
EV-S20N,0.406,1320
EV-S20N,0.701,1400
EV-S20N,1,1500
EV-S20N,2.06,1650
EV-S20N,4.01,1680
EV-S20N,7.08,1610
EV-S20N,10.1,1510
EV-S20N,20,1440
EV-S20N,40.5,1270
EV-S20N,70.1,1200
EV-S20N,99.1,1100
EV-S20N,200,545
EV-S20N,494,209
EV-S20N,752,176
EV-S20P,0.0375,0.1
EV-S20P,0.045,150
EV-S20P,0.0721,550
EV-S20P,0.102,801
EV-S20P,0.207,1180
EV-S20P,0.406,1320
EV-S20P,0.701,1400
EV-S20P,1,1500
EV-S20P,2.06,1650
EV-S20P,4.01,1680
EV-S20P,7.08,1610
EV-S20P,10.1,1510
EV-S20P,20,1440
EV-S20P,40.5,1270
EV-S20P,70.1,1200
EV-S20P,99.1,1140
EV-S20P,200,750
EV-S20P,416,800
EV-S20P,683,899
EV-S21,0.009,1
EV-S21,0.0202,532
EV-S21,0.04,806
EV-S21,0.0695,1030
EV-S21,0.1,1150
EV-S21,0.199,1400
EV-S21,0.4,1550
EV-S21,0.7,1660
EV-S21,0.999,1690
EV-S21,2,1770
EV-S21,4,1800
EV-S21,7,1790
EV-S21,8.63,1780
EV-S21,10,1760
EV-S21,20,1730
EV-S21,40,1650
EV-S21,57.8,1570
EV-S21,80.3,1270
EV-S21,99.5,1190
EV-S21,227,790
EV-S21,279,800
EV-S21,399,877
EV-S21,696,897
EV-S21,760,897
EV-S50 ,0.00375,0.1
EV-S50 ,0.00375,400
EV-S50 ,0.00409,500
EV-S50 ,0.00748,700
EV-S50 ,0.00988,900
EV-S50 ,0.0203,1510
EV-S50 ,0.0419,2140
EV-S50 ,0.0698,2800
EV-S50 ,0.0995,3190
EV-S50 ,0.205,4730
EV-S50 ,0.402,4830
EV-S50 ,0.703,4800
EV-S50 ,1.02,4800
EV-S50 ,2.06,4500
EV-S50 ,4.04,4300
EV-S50 ,6.92,4200
EV-S50 ,10.1,4280
EV-S50 ,20.6,3720
EV-S50 ,58.8,2210
EV-S50 ,74.9,2050
EV-S50 ,105,1600
EV-S50 ,206,1000
EV-S50 ,403,800
EV-S50 ,705,900
EV-S50(P),0.00375,0.1
EV-S50(P),0.00375,400
EV-S50(P),0.00409,500
EV-S50(P),0.00748,700
EV-S50(P),0.00988,900
EV-S50(P),0.0203,1510
EV-S50(P),0.0419,2140
EV-S50(P),0.0698,2800
EV-S50(P),0.0995,3190
EV-S50(P),0.205,4730
EV-S50(P),0.402,4830
EV-S50(P),0.703,4800
EV-S50(P),1.02,4800
EV-S50(P),2.06,4500
EV-S50(P),4.04,4300
EV-S50(P),6.92,4200
EV-S50(P),10.1,4280
EV-S50(P),20.6,3720
EV-S50(P),58.8,2210
EV-S50(P),74.9,2050
EV-S50(P),105,1600
EV-S50(P),206,1000
EV-S50(P),403,800
EV-S50(P),705,900
EV-S50(P),760,900
EV-S50N,0.00375,0.1
EV-S50N,0.00375,400
EV-S50N,0.00409,500
EV-S50N,0.00748,700
EV-S50N,0.00988,900
EV-S50N,0.0203,1510
EV-S50N,0.0419,2140
EV-S50N,0.0698,2800
EV-S50N,0.0995,3190
EV-S50N,0.205,4730
EV-S50N,0.402,4830
EV-S50N,0.703,4800
EV-S50N,1.02,4800
EV-S50N,2.06,4500
EV-S50N,4.04,4300
EV-S50N,6.92,4200
EV-S50N,10.1,4280
EV-S50N,20.6,3720
EV-S50N,58.8,2210
EV-S50N,74.9,2050
EV-S50N,105,1600
EV-S50N,206,750
EV-S50N,403,300
EV-S50N,705,180
ACP40(without N2),0.0158,0.1
ACP40(without N2),0.0188,100
ACP40(without N2),0.0225,200
ACP40(without N2),0.03,367
ACP40(without N2),0.0375,417
ACP40(without N2),0.0525,458
ACP40(without N2),0.075,500
ACP40(without N2),0.15,550
ACP40(without N2),0.225,567
ACP40(without N2),0.45,592
ACP40(without N2),0.6,600
ACP40(without N2),1.05,605
ACP40(without N2),1.5,600
ACP40(without N2),3,583
ACP40(without N2),6,550
ACP40(without N2),15,500
ACP40(without N2),67.5,400
ACP40(without N2),150,333
ACP40(without N2),488,233
ACP40(without N2),525,233
ACP40(without N2),750,233
AishinDB-020,0.0225,400
AishinDB-020,0.03,800
AishinDB-020,0.0525,1500
AishinDB-020,0.075,1900
AishinDB-020,0.15,2400
AishinDB-020,0.225,2520
AishinDB-020,0.75,2600
AishinDB-020,3.75,2650
AishinDB-020,7.5,2650
AishinDB-020,15,2650
AishinDB-020,22.5,2620
AishinDB-020,67.5,2500
AishinDB-020,150,2300
AishinDB-020,338,2000
AishinDB-020,450,1900
AishinDB-020,760,1700
Alcatel-A100L,0.00413,0.1
Alcatel-A100L,0.00525,125
Alcatel-A100L,0.0075,316
Alcatel-A100L,0.0225,791
Alcatel-A100L,0.0375,958
Alcatel-A100L,0.0525,1070
Alcatel-A100L,0.075,1170
Alcatel-A100L,0.225,1420
Alcatel-A100L,0.375,1500
Alcatel-A100L,0.525,1540
Alcatel-A100L,0.75,1580
Alcatel-A100L,2.25,1650
Alcatel-A100L,3.75,1650
Alcatel-A100L,5.25,1630
Alcatel-A100L,7.5,1600
Alcatel-A100L,22.5,1460
Alcatel-A100L,37.5,1380
Alcatel-A100L,52.5,1300
Alcatel-A100L,75,1240
Alcatel-A100L,225,916
Alcatel-A100L,375,666
Alcatel-A100L,413,583
Alcatel-A100L,525,600
Alcatel-A100L,760,600
Alcatel-ACP28,0.0113,0
Alcatel-ACP28,0.015,133
Alcatel-ACP28,0.0225,208
Alcatel-ACP28,0.03,250
Alcatel-ACP28,0.0375,283
Alcatel-ACP28,0.045,297
Alcatel-ACP28,0.0525,309
Alcatel-ACP28,0.06,318
Alcatel-ACP28,0.0675,329
Alcatel-ACP28,0.075,342
Alcatel-ACP28,0.09,358
Alcatel-ACP28,0.15,392
Alcatel-ACP28,0.225,416
Alcatel-ACP28,0.3,427
Alcatel-ACP28,0.375,437
Alcatel-ACP28,0.45,440
Alcatel-ACP28,0.525,443
Alcatel-ACP28,0.6,447
Alcatel-ACP28,0.675,448
Alcatel-ACP28,0.75,450
Alcatel-ACP28,1.5,462
Alcatel-ACP28,2.25,462
Alcatel-ACP28,3,462
Alcatel-ACP28,3.75,461
Alcatel-ACP28,4.5,460
Alcatel-ACP28,5.25,458
Alcatel-ACP28,6,455
Alcatel-ACP28,6.75,453
Alcatel-ACP28,7.5,450
Alcatel-ACP28,15,440
Alcatel-ACP28,22.5,430
Alcatel-ACP28,30,422
Alcatel-ACP28,37.5,413
Alcatel-ACP28,45,405
Alcatel-ACP28,52.5,400
Alcatel-ACP28,60,393
Alcatel-ACP28,67.5,388
Alcatel-ACP28,75,383
Alcatel-ACP28,150,354
Alcatel-ACP28,225,330
Alcatel-ACP28,300,310
Alcatel-ACP28,375,294
Alcatel-ACP28,450,283
Alcatel-ACP28,525,275
Alcatel-ACP28,600,267
Alcatel-ACP28,675,267
Alcatel-ACP28,750,267
Alcatel-ACP28G,0.09,0
Alcatel-ACP28G,0.15,167
Alcatel-ACP28G,0.225,283
Alcatel-ACP28G,0.3,325
Alcatel-ACP28G,0.375,343
Alcatel-ACP28G,0.45,362
Alcatel-ACP28G,0.525,377
Alcatel-ACP28G,0.6,383
Alcatel-ACP28G,0.675,392
Alcatel-ACP28G,0.75,400
Alcatel-ACP28G,1.5,430
Alcatel-ACP28G,2.25,443
Alcatel-ACP28G,3,450
Alcatel-ACP28G,3.75,450
Alcatel-ACP28G,4.5,448
Alcatel-ACP28G,5.25,447
Alcatel-ACP28G,6,445
Alcatel-ACP28G,6.75,443
Alcatel-ACP28G,7.5,442
Alcatel-ACP28G,15,427
Alcatel-ACP28G,22.5,417
Alcatel-ACP28G,30,406
Alcatel-ACP28G,37.5,397
Alcatel-ACP28G,45,388
Alcatel-ACP28G,52.5,383
Alcatel-ACP28G,60,380
Alcatel-ACP28G,67.5,375
Alcatel-ACP28G,75,368
Alcatel-ACP28G,150,333
Alcatel-ACP28G,225,308
Alcatel-ACP28G,300,292
Alcatel-ACP28G,375,280
Alcatel-ACP28G,450,270
Alcatel-ACP28G,525,260
Alcatel-ACP28G,600,258
Alcatel-ACP28G,675,258
Alcatel-ACP28G,750,258
Alcatel2063,0.00225,16.7
Alcatel2063,0.0045,267
Alcatel2063,0.0075,400
Alcatel2063,0.00975,467
Alcatel2063,0.0225,600
Alcatel2063,0.075,733
Alcatel2063,0.15,800
Alcatel2063,0.338,867
Alcatel2063,1.5,933
Alcatel2063,760,933
ANLET FT6-36P,0.0113,24
ANLET FT6-36P,0.015,90
ANLET FT6-36P,0.0225,200
ANLET FT6-36P,0.0675,400
ANLET FT6-36P,0.15,500
ANLET FT6-36P,0.225,500
ANLET FT6-36P,0.375,500
ANLET FT6-36P,0.75,500
ANLET FT6-36P,2.25,500
ANLET FT6-36P,5.25,500
ANLET FT6-36P,15,450
ANLET FT6-36P,45,400
ANLET FT6-36P,150,330
ANLET FT6-36P,450,300
ANLET FT6-36P,750,250
ANLET FT6-75P,0.0075,40.5
ANLET FT6-75P,0.015,430
ANLET FT6-75P,0.0225,600
ANLET FT6-75P,0.03,700
ANLET FT6-75P,0.0375,800
ANLET FT6-75P,0.06,870
ANLET FT6-75P,0.075,900
ANLET FT6-75P,0.15,1000
ANLET FT6-75P,0.225,1000
ANLET FT6-75P,0.3,1000
ANLET FT6-75P,0.375,1000
ANLET FT6-75P,0.6,1000
ANLET FT6-75P,0.75,1000
ANLET FT6-75P,1.5,980
ANLET FT6-75P,7.5,900
ANLET FT6-75P,22.5,830
ANLET FT6-75P,37.5,800
ANLET FT6-75P,75,750
ANLET FT6-75P,150,700
ANLET FT6-75P,300,600
ANLET FT6-75P,750,500
BUSCH N0100B,0.0525,333
BUSCH N0100B,0.0675,500
BUSCH N0100B,0.15,1000
BUSCH N0100B,0.375,1500
BUSCH N0100B,0.6,1670
BUSCH N0100B,1.5,1830
BUSCH N0100B,2.25,1870
BUSCH N0100B,3,1870
BUSCH N0100B,3.75,1870
BUSCH N0100B,4.5,1870
BUSCH N0100B,5.25,1870
BUSCH N0100B,6,1870
BUSCH N0100B,6.75,1870
BUSCH N0100B,7.5,1870
BUSCH N0100B,15,1850
BUSCH N0100B,22.5,1830
BUSCH N0100B,30,1820
BUSCH N0100B,37.5,1800
BUSCH N0100B,60,1770
BUSCH N0100B,150,1680
BUSCH N0100B,225,1650
BUSCH N0100B,600,1530
BUSCH N0100B,760,1500
D65B leybold,0.0015,1.7
D65B leybold,0.00225,167
D65B leybold,0.003,290
D65B leybold,0.0045,483
D65B leybold,0.006,587
D65B leybold,0.0075,680
D65B leybold,0.015,957
D65B leybold,0.03,1000
D65B leybold,0.0525,1000
D65B leybold,0.075,1000
D65B leybold,0.15,1000
D65B leybold,0.3,1000
D65B leybold,0.525,1000
D65B leybold,0.75,1000
D65B leybold,1.5,1000
D65B leybold,3,1000
D65B leybold,5.25,1000
D65B leybold,7.5,1000
D65B leybold,15,1000
D65B leybold,30,1000
D65B leybold,52.5,1000
D65B leybold,75,1000
D65B leybold,150,1000
D65B leybold,300,1000
D65B leybold,525,1000
D65B leybold,750,1000
EPX180,0.00007,0.283
EPX180,0.0001,633
EPX180,0.0002,1330
EPX180,0.0003,1620
EPX180,0.0007,2030
EPX180,0.001,2110
EPX180,0.002,2200
EPX180,0.005,2270
EPX180,0.008,2330
EPX180,0.01,2370
EPX180,0.02,2560
EPX180,0.03,2720
EPX180,0.05,2900
EPX180,0.06,2950
EPX180,0.08,2970
EPX180,0.1,2990
EPX180,0.2,2910
EPX180,0.3,2770
EPX180,0.4,2630
EPX180,0.6,2330
EPX180,1,1940
EPX180,2,1500
EPX180,3,1320
EPX180,5,1170
EPX180,7,1080
EPX180,10,1050
EPX180,20,1020
EPX180,30,1000
EPX180,40,966
EPX180,50,933
EPX180,60,866
EPX180,80,783
EPX180,100,699
EPX180,200,500
EPX180,300,433
EPX180,400,410
EPX180,500,400
EPX180,600,383
EPX180,700,380
iH600_50,0.00128,17
iH600_50,0.0015,1980
iH600_50,0.003,3720
iH600_50,0.00525,4670
iH600_50,0.0075,5240
iH600_50,0.015,6110
iH600_50,0.03,6980
iH600_50,0.0525,7390
iH600_50,0.075,7680
iH600_50,0.15,8040
iH600_50,0.3,8290
iH600_50,0.525,8280
iH600_50,0.75,8130
iH600_50,1.5,7680
iH600_50,3,6980
iH600_50,5.25,6340
iH600_50,7.5,5660
iH600_50,15,4590
iH600_50,30,2690
iH600_50,52.5,1470
iH600_50,75,1240
iH600_50,150,1000
iH600_50,300,930
iH600_50,525,862
iH600_50,750,828
ESR201W-LT_BP3500rpm_MP5000rpm,0.00098,0.1
ESR201W-LT_BP3500rpm_MP5000rpm,0.0012,2765.3
ESR201W-LT_BP3500rpm_MP5000rpm,0.002,4677.4
ESR201W-LT_BP3500rpm_MP5000rpm,0.004,5807.2
ESR201W-LT_BP3500rpm_MP5000rpm,0.007,6992.3
ESR201W-LT_BP3500rpm_MP5000rpm,0.0103,7870.5
ESR201W-LT_BP3500rpm_MP5000rpm,0.02,9208.5
ESR201W-LT_BP3500rpm_MP5000rpm,0.04,10515.1
ESR201W-LT_BP3500rpm_MP5000rpm,0.07049,10990.7
ESR201W-LT_BP3500rpm_MP5000rpm,0.10019,11591.2
ESR201W-LT_BP3500rpm_MP5000rpm,0.20038,11749
ESR201W-LT_BP3500rpm_MP5000rpm,0.40087,12002.2
ESR201W-LT_BP3500rpm_MP5000rpm,0.70024,11967.4
ESR201W-LT_BP3500rpm_MP5000rpm,1.00072,11967.4
ESR201W-LT_BP3500rpm_MP5000rpm,2.00783,12218
ESR201W-LT_BP3500rpm_MP5000rpm,4.00366,11809.9
ESR201W-LT_BP3500rpm_MP5000rpm,7.0334,10496.7
ESR201W-LT_BP3500rpm_MP5000rpm,10.02315,8719.1
ESR201W-LT_BP3500rpm_MP5000rpm,20.51826,5714.8
ESR201W-LT_BP3500rpm_MP5000rpm,40.17659,3518.2
ESR201W-LT_BP3500rpm_MP5000rpm,70.12404,2698.4
ESR201W-LT_BP3500rpm_MP5000rpm,99.9915,2340.8
ESR201W-LT_BP3500rpm_MP5000rpm,199.983,1850.6
ESR201W-LT_BP3500rpm_MP5000rpm,400.86592,1404.7
ESR201W-LT_BP3500rpm_MP5000rpm,639.84561,1131.9
ESR201W-LT_BP3500rpm_MP5000rpm,759.9375,1050
EST1201WN,0.00399,1.04862
EST1201WN,0.00399,100
EST1201WN,0.00399,1000
EST1201WN,0.00399,10000
EST1201WN,0.00399,22952.22234
EST1201WN,0.00605,32769.05502
EST1201WN,0.0075,39154.66433
EST1201WN,0.01079,49645.08843
EST1201WN,0.01508,60027.54
EST1201WN,0.03053,78869.16
EST1201WN,0.06047,95363.34
EST1201WN,0.10477,103624.85
EST1201WN,0.18152,106114.12
EST1201WN,0.30081,106114.12
EST1201WN,0.46624,103624.85
EST1201WN,0.68097,74324.85
EST1201WN,1.09541,45687.1234
EST1201WN,1.8018,25539.74136
EST1201WN,2.671,17468.99986
EST1201WN,4.49242,10996.06032
EST1201WN,7.4445,6921.59502
EST1201WN,14.96447,3733.91948
EST1201WN,20.14158,2875.82786
EST1201WN,38.15161,2137.45464
EST1201WN,74.44499,1705.9204
EST1201WN,176.20937,1345.44509
EST1201WN,309.87768,1267.92272
EST1201WN,728.04469,1223.57013
EV-L200N,0.0037,1
EV-L200N,0.0052,1000
EV-L200N,0.0059,2500
EV-L200N,0.0067,4000
EV-L200N,0.0074,5000.0002
EV-L200N,0.0113,8000
EV-L200N,0.015,10000
EV-L200N,0.03,12000
EV-L200N,0.075,16000
EV-L200N,0.225,18000
EV-L200N,0.45,17500
EV-L200N,0.75,17000
EV-L200N,3.75,11500
EV-L200N,7.5,8000
EV-L200N,67.5,2100
EV-L200N,86.25,2000
EV-L200N,600,250
EV-L200N,750,220
A1204H,0.00091,16.66667
A1204H,0.00091,835.31206
A1204H,0.0016,2963.79902
A1204H,0.00241,4975.6377
A1204H,0.02833,13238.80391
A1204H,0.09711,17654.22875
A1204H,0.71893,16666.66667
A1204H,3.35334,14854.1823
A1204H,19.20611,6635.11951
A1204H,62.54295,3731.2019
A1204H,203.66537,1666.66667
A1204H,734.92334,1402.32524
A124H,0.0147,16.1373
A124H,0.0156,108.3759
A124H,0.0175,304.4605
A124H,0.0215,639.6772
A124H,0.0334,1005.1308
A124H,0.0737,1433.6006
A124H,0.2116,1631.184
A124H,0.7678,1855.9989
A124H,2.2042,1855.9989
A124H,7.3263,1916.8866
A124H,14.3716,1855.9989
A124H,45.0492,1739.9643
A124H,96.4886,1579.3714
A124H,183.8122,1301.2841
A124H,311.4454,1181.1799
A124H,469.3523,1301.2841
A124H,629.1083,1433.6006
A1803H,0.00065,16.66667
A1803H,0.00068,52.35505
A1803H,0.0007,28.38328
A1803H,0.00073,129.42619
A1803H,0.00076,346.55153
A1803H,0.00088,834.20102
A1803H,0.00115,1666.66667
A1803H,0.00182,3329.86621
A1803H,0.00286,4964.06191
A1803H,0.00462,6832.27774
A1803H,0.00854,10185.34906
A1803H,0.01653,15593.62247
A1803H,0.03425,19814.96266
A1803H,0.07952,23873.61104
A1803H,0.14704,27272.28847
A1803H,0.27814,28008.01147
A1803H,0.56334,28763.58203
A1803H,1.25825,27007.68153
A1803H,2.49022,24170.99524
A1803H,4.15519,18113.12265
A1803H,7.06609,12420.46646
A1803H,12.24623,8903.47601
A1803H,19.67364,6821.76795
A1803H,30.42962,4782.77637
A1803H,52.73757,3664.52277
A1803H,94.93234,2807.72632
A1803H,161.43676,2248.89527
A1803H,249.69751,1883.04543
A1803H,319.50159,1685.26432
A1803H,449.47788,1968.51127
A1803H,575.13149,2403.72563
A1804H,0.00207,16.66667
A1804H,0.00212,30.04505
A1804H,0.00216,44.50297
A1804H,0.0022,80.22564
A1804H,0.0022,126.87187
A1804H,0.0022,228.71229
A1804H,0.00225,547.56594
A1804H,0.00243,1227.85569
A1804H,0.0028,2523.15271
A1804H,0.00328,4963.43569
A1804H,0.00378,7193.16197
A1804H,0.00542,10424.54913
A1804H,0.00776,12967.13434
A1804H,0.01229,15440.92787
A1804H,0.02285,19630.8361
A1804H,0.03693,22377.46234
A1804H,0.06337,23891.68906
A1804H,0.10873,27234.46773
A1804H,0.18657,27835.40629
A1804H,0.3138,29077.35581
A1804H,0.59507,29077.35581
A1804H,1.01736,27726.90416
A1804H,2.31588,23974.1648
A1804H,3.69381,20729.34558
A1804H,5.89161,15497.79109
A1804H,9.60832,10773.95272
A1804H,16.02199,7861.99856
A1804H,30.52927,5206.97619
A1804H,54.41905,3988.37622
A1804H,123.87746,2578.23461
A1804H,225.77817,2072.93456
A1804H,336.87987,1881.39649
A1804H,513.95291,2175.89645
A1804H,627.79794,2516.49527
ADS602 ,0.00047,16.93784
ADS602 ,0.00047,28.38946
ADS602 ,0.00048,43.19169
ADS602 ,0.00051,78.47764
ADS602 ,0.00051,149.66484
ADS602 ,0.00055,246.83657
ADS602 ,0.00059,455.78984
ADS602 ,0.00065,704.72061
ADS602 ,0.00077,1107.33405
ADS602 ,0.00103,1657.72429
ADS602 ,0.00155,2402.85329
ADS602 ,0.00226,3212.8872
ADS602 ,0.00445,4365.89261
ADS602 ,0.00744,5472.72833
ADS602 ,0.01503,6750.33592
ADS602 ,0.03384,8061.72889
ADS602 ,0.08959,8881.45794
ADS602 ,0.25721,9322.06874
ADS602 ,0.66278,9322.06874
ADS602 ,1.61791,9025.96426
ADS602 ,4.05773,7680.68849
ADS602 ,11.65028,5385.10957
ADS602 ,21.70055,4092.94271
ADS602 ,46.27322,2734.0221
ADS602 ,93.47573,1886.19708
ADS602 ,210.40102,1343.97381
ADS602 ,391.90614,1219.92949
ADS602 ,729.98897,1219.92949
GS1800C,0.00203,1.66667
GS1800C,0.00435,6417.1123
GS1800C,0.01024,13368.98396
GS1800C,0.02317,20142.6025
GS1800C,0.07737,26916.22103
GS1800C,0.30185,30124.77718
GS1800C,0.76771,29055.25847
GS1800C,3.1139,23351.15865
GS1800C,7.6176,18181.81818
GS1800C,17.24042,13012.47772
GS1800C,40.56667,7130.12478
GS1800C,146.42047,2673.79679
GS1800C,779.75,891.27
GXS2502600,0.00038,128.20513
GXS2502600,0.00102,6025.64103
GXS2502600,0.00198,10512.82051
GXS2502600,0.00453,15256.41026
GXS2502600,0.01139,20897.4359
GXS2502600,0.02687,24871.79487
GXS2502600,0.05583,27948.71795
GXS2502600,0.11236,30128.20513
GXS2502600,0.2122,31666.66667
GXS2502600,0.46979,32179.48718
GXS2502600,0.78129,31666.66667
GXS2502600,1.10837,30128.20513
GXS2502600,2.02775,27564.10256
GXS2502600,3.37226,24230.76923
GXS2502600,5.60826,19615.38462
GXS2502600,8.47844,15897.4359
GXS2502600,14.10013,11282.05128
GXS2502600,28.37726,7307.69231
GXS2502600,62.82582,4743.58974
GXS2502600,126.44036,3717.94872
GXS2502600,288.97487,3076.92308
GXS2502600,750,2820.51282
GXS7504200,0.00037,720.16461
GXS7504200,0.00079,8822.01646
GXS7504200,0.0017,17283.95062
GXS7504200,0.00347,25385.80247
GXS7504200,0.00825,33667.69547
GXS7504200,0.02007,41769.54733
GXS7504200,0.06574,50231.48
GXS7504200,0.31191,55992.8
GXS7504200,1.10009,57613.17
GXS7504200,2.03772,56388.89
GXS7504200,4.14788,49907.40741
GXS7504200,6.76153,41805.55556
GXS7504200,10.54317,33379.62963
GXS7504200,19.63666,25277.77778
GXS7504200,54.55036,17175.92593
GXS7504200,226.02732,11666.66667
GXS7504200,750,9398.14815
HD1200e,0.00555,16.66667
HD1200e,0.00704,7081.43056
HD1200e,0.00803,8183.67222
HD1200e,0.01325,9688.27941
HD1200e,0.03423,12630.77217
HD1200e,0.13843,14952.99991
HD1200e,0.57483,14952.99991
HD1200e,1.78611,12329.87567
HD1200e,5.54977,9012.2461
HD1200e,15.11434,5700.06966
HD1200e,42.2624,3119.60824
HD1200e,124.57183,1791.68791
HD1200e,387.0671,1079.85906
HD1200e,768.24,828.29
HD2000e,0.00504,16.2686
HD2000e,0.0056,11117.208
HD2000e,0.00693,13489.17014
HD2000e,0.01209,17177.98065
HD2000e,0.03988,22959.17938
HD2000e,0.09825,25908.9492
HD2000e,0.19577,25908.9492
HD2000e,0.36995,23520.9603
HD2000e,0.84167,18921.99223
HD2000e,3.43169,11667.91097
HD2000e,15.15034,5254.5607
HD2000e,68.68347,2254.66667
HD2000e,232.59624,1324.68072
HD2000e,767.07,778.29
iGX600L,0.00063,17.10184
iGX600L,0.00073,1863.61506
iGX600L,0.00095,2673.45347
iGX600L,0.00144,4251.72501
iGX600L,0.00293,5792.86658
iGX600L,0.00804,7305.32925
iGX600L,0.02762,9453.22714
iGX600L,0.09139,10753.50997
iGX600L,0.32592,11034.28691
iGX600L,1.1623,10753.50997
iGX600L,3.99282,8978.25701
iGX600L,10.55731,6938.2786
iGX600L,15.34497,5092.41017
iGX600L,30.0822,3120.5907
iGX600L,65.97461,1555.95848
iGX600L,161.87061,756.0755
iGX600L,382.57614,376.98699
iGX600L,722.47024,298.93729
iH600_60,0.00053,16.7
iH600_60,0.00062,166.7
iH600_60,0.00075,1666.7
iH600_60,0.0015,4030
iH600_60,0.003,5595
iH600_60,0.00525,6666.7
iH600_60,0.0075,7433.3
iH600_60,0.015,8333.3
iH600_60,0.03,9386.7
iH600_60,0.0525,10000
iH600_60,0.075,10000
iH600_60,0.15,10000
iH600_60,0.3,10000
iH600_60,0.525,10000
iH600_60,0.75,10000
iH600_60,1.5,10000
iH600_60,3,10000
iH600_60,5.25,9153.3
iH600_60,7.5,8593.3
iH600_60,15,7201.7
iH600_60,18.75,6666.7
iH600_60,22.5,2511.7
iH600_60,30,2285
iH600_60,52.5,1951.7
iH600_60,75,1775
iH600_60,150,1500
iH600_60,300,1260
iH600_60,525,1146.7
iH600_60,759.9975,1078.3
iPH1820,0.00075,16.66667
iPH1820,0.00078,284.90028
iPH1820,0.00097,1994.30199
iPH1820,0.00199,6647.67331
iPH1820,0.00657,13485.28015
iPH1820,0.02229,20037.9867
iPH1820,0.1,26875.59354
iPH1820,0.40526,30009.49668
iPH1820,0.98736,30579.29725
iPH1820,2.94858,29629.62963
iPH1820,5.16068,28774.92877
iPH1820,9.26512,26780.62678
iPH1820,15.02435,23931.62393
iPH1820,22.00602,20227.92023
iPH1820,29.86332,15479.58215
iPH1820,33.9146,11111.11111
iPH1820,44.86769,6742.64008
iPH1820,70.9298,5033.23837
iPH1820,133.98983,3703.7037
iPH1820,326.4466,2943.96961
iPH1820,736.89111,2659.06933
iPH1820,760,2650
IXH1210H,0.00341,1020.83333
IXH1210H,0.00429,2430.55556
IXH1210H,0.00569,3986.11111
IXH1210H,0.0075,5638.88889
IXH1210H,0.00861,6586.80556
IXH1210H,0.01027,7899.30556
IXH1210H,0.01273,9211.80556
IXH1210H,0.01472,9940.97222
IXH1210H,0.02063,11375
IXH1210H,0.03003,12930.55556
IXH1210H,0.04439,14194.44444
IXH1210H,0.06266,15361.11111
IXH1210H,0.09551,16211.80556
IXH1210H,0.14781,17038.19444
IXH1210H,0.1846,17378.47222
IXH1210H,0.28135,17645.83333
IXH1210H,0.45245,17670.13889
IXH1210H,0.71107,16916.66667
IXH1210H,1.05915,15993.05556
IXH1210H,1.29265,15458.33333
IXH1210H,1.41715,15069.44444
IXH1210H,2.29649,13562.5
IXH1210H,3.0727,12420.13889
IXH1210H,4.43869,10572.91667
IXH1210H,6.81727,8604.16667
IXH1210H,10.23254,7072.91667
IXH1210H,17.63016,5371.52778
IXH1210H,25.86102,4472.22222
IXH1210H,33.55756,3645.83333
IXH1210H,47.73848,2916.66667
IXH1210H,82.88372,2065.97222
IXH1210H,140.63277,1579.86111
IXH1210H,240.45378,1263.88889
IXH1210H,417.47674,1069.44444
IXH1210H,661.14924,996.52778
IXH1210H,1071.4,972.22
IXH1220H,0.00322,1316.61442
IXH1220H,0.00405,3072.10031
IXH1220H,0.00499,5120.16719
IXH1220H,0.00599,6509.92686
IXH1220H,0.00807,8265.41275
IXH1220H,0.01113,10094.04389
IXH1220H,0.0157,12361.5465
IXH1220H,0.02485,14409.61338
IXH1220H,0.03843,15945.66353
IXH1220H,0.05944,17335.4232
IXH1220H,0.08984,18213.16614
IXH1220H,0.16316,19456.63532
IXH1220H,0.33235,20407.52351
IXH1220H,0.72521,20773.24974
IXH1220H,1.51148,20041.79728
IXH1220H,2.50421,19090.90909
IXH1220H,3.69919,17554.85893
IXH1220H,5.46439,15872.51829
IXH1220H,7.03357,14117.03239
IXH1220H,9.26355,12361.5465
IXH1220H,13.37352,10459.77011
IXH1220H,17.61356,8850.57471
IXH1220H,25.4282,7241.37931
IXH1220H,43.10737,5193.31244
IXH1220H,74.77461,3584.11703
IXH1220H,159.46222,2340.64786
IXH1220H,296.31989,1755.48589
IXH1220H,490.94168,1536.05016
IXH1220H,646.59334,1389.75967
IXH1220H,1023.21,1316.61
iXH1820,0.00268,0.16667
iXH1820,0.00351,3255
iXH1820,0.00533,8333.333
iXH1820,0.0075,12109.33
iXH1820,0.01163,16666.67
iXH1820,0.01643,19270.83
iXH1820,0.02813,22395.83
iXH1820,0.0507,25000
iXH1820,0.075,26166.67
iXH1820,0.12375,27604.17
iXH1820,0.26775,28906.25
iXH1820,0.6165,29687.5
iXH1820,0.75,29557.29
iXH1820,1.224,28385.42
iXH1820,2.3145,25000
iXH1820,4.16625,20572.92
iXH1820,5.87025,16666.67
iXH1820,7.5,13802.08
iXH1820,12.85575,8333.333
iXH1820,25.5255,4427.083
iXH1820,53.226,2604.167
iXH1820,75,2343.75
iXH1820,156.39,1822.917
iXH1820,326.106,1302.083
iXH1820,532.2615,1041.667
iXH1820,759.99,859.375
IXH200H,0.00784,294.42692
IXH200H,0.02171,1177.70768
IXH200H,0.05231,1840.16824
IXH200H,0.12899,2649.84227
IXH200H,0.38275,3312.30284
IXH200H,1.05956,3606.72976
IXH200H,2.86607,3901.15668
IXH200H,6.59319,3606.72976
IXH200H,17.02769,3385.90957
IXH200H,46.05922,3091.48265
IXH200H,94.37878,2355.41535
IXH200H,280.05039,1619.34806
IXH200H,775.26,1398.53
iXH3030T,0.0041,1
iXH3030T,0.0065,8333
iXH3030T,0.0103,16667
iXH3030T,0.0164,25000
iXH3030T,0.0316,33333
iXH3030T,0.0848,41667
iXH3030T,0.306,45833
iXH3030T,1,41667
iXH3030T,1.8317,33333
iXH3030T,3.0599,25000
iXH3030T,5.9078,16667
iXH3030T,10,11765
iXH3030T,16.927,8333
iXH3030T,100,2206
iXH3030T,1000,735
iXH3050H,0.0007,17
iXH3050H,0.001,4650
iXH3050H,0.002,12403
iXH3050H,0.004,18605
iXH3050H,0.007,24806
iXH3050H,0.01,29457
iXH3050H,0.02,37597
iXH3050H,0.04,43798
iXH3050H,0.07,47519
iXH3050H,0.1,49225
iXH3050H,0.2,51318
iXH3050H,0.39999,52636
iXH3050H,0.69998,52713
iXH3050H,0.99998,51938
iXH3050H,1.99995,49612
iXH3050H,3.9999,36047
iXH3050H,6.99983,25969
iXH3050H,9.99975,22868
iXH3050H,19.9995,13953
iXH3050H,39.999,8140
iXH3050H,69.99825,5659
iXH3050H,199.995,2171
iXH3050H,399.99,1163
iXH3050H,759.981,1083
IXH4550HT,0.00215,336.70034
IXH4550HT,0.00253,4040.40404
IXH4550HT,0.00296,8754.20875
IXH4550HT,0.00386,14646.46465
IXH4550HT,0.00574,22558.92256
IXH4550HT,0.009,32154.88215
IXH4550HT,0.01338,40740.74074
IXH4550HT,0.01938,46969.69697
IXH4550HT,0.02883,53030.3
IXH4550HT,0.04894,59090.91
IXH4550HT,0.08995,63973.06
IXH4550HT,0.14107,66666.67
IXH4550HT,0.31207,68855.22
IXH4550HT,0.52983,68350.17
IXH4550HT,0.83088,64646.46
IXH4550HT,1.14149,58249.16
IXH4550HT,1.74333,50000
IXH4550HT,2.73389,41245.79125
IXH4550HT,3.85662,36026.93603
IXH4550HT,6.37673,27441.07744
IXH4550HT,12.35817,19023.56902
IXH4550HT,27.33894,10269.36027
IXH4550HT,92.36709,4040.40404
IXH4550HT,385.66204,1851.85185
IXH4550HT,1054.36,1515.15
IXH6050HT,0.00089,7140.54726
IXH6050HT,0.00134,12856.21891
IXH6050HT,0.002,18654.72637
IXH6050HT,0.00345,26855.47264
IXH6050HT,0.0064,38618.1592
IXH6050HT,0.01104,49718.1592
IXH6050HT,0.01657,57587.56
IXH6050HT,0.02375,64214.43
IXH6050HT,0.03947,71338.31
IXH6050HT,0.06681,77716.67
IXH6050HT,0.1534,82769.65
IXH6050HT,0.22195,83432.34
IXH6050HT,0.34258,82438.31
IXH6050HT,0.50959,80450.25
IXH6050HT,0.77931,77385.32
IXH6050HT,1.07668,73077.86
IXH6050HT,1.39439,68687.56
IXH6050HT,1.83953,62889.05
IXH6050HT,2.15223,57836.07
IXH6050HT,2.91904,50546.52
IXH6050HT,3.71124,43339.801
IXH6050HT,4.85097,35304.72637
IXH6050HT,6.76416,26938.30846
IXH6050HT,9.69686,20642.78607
IXH6050HT,15.38742,14181.59204
IXH6050HT,30.47595,8631.59204
IXH6050HT,62.05557,5400.99503
IXH6050HT,115.2119,3412.93532
IXH6050HT,247.96194,2087.56219
IXH6050HT,514.3159,1342.0398
IXH6050HT,928.78,1176.37
iXH610,0.0018,1.66667
iXH610,0.00266,2722.77228
iXH610,0.00459,5198.0198
iXH610,0.01,7343.23432
iXH610,0.02685,9323.43234
iXH610,0.08424,10478.54785
iXH610,0.25753,10973.59736
iXH610,0.62314,10313.53135
iXH610,1.71697,8910.89109
iXH610,5.38737,6930.69307
iXH610,17.34913,4455.44555
iXH610,68.78152,2227.72277
iXH610,272.68793,1155.11551
iXH610,1053.35,990.1
IXL1000,0.00056,172.71157
IXL1000,0.00125,2504.31779
IXL1000,0.00258,4058.72193
IXL1000,0.00763,7772.02073
IXL1000,0.02154,11312.60794
IXL1000,0.04642,13730.56995
IXL1000,0.13111,15112.26252
IXL1000,0.28248,15284.97409
IXL1000,0.7627,14162.34888
IXL1000,2.58086,11139.89637
IXL1000,5.31484,9067.35751
IXL1000,10.945,5267.70294
IXL1000,20.59328,2936.09672
IXL1000,48.55953,1036.26943
IXL1000,83.47734,690.84629
IXL1000,179.84649,604.4905
IXL1000,323.44759,1208.981
IXL1000,581.70913,1468.04836
IXL1000,955.86,1468.05
IXL1000N,0.00066,0
IXL1000N,0.00097,877.19298
IXL1000N,0.00161,2436.64717
IXL1000N,0.00501,6627.68031
IXL1000N,0.01114,9649.12281
IXL1000N,0.02185,11598.44055
IXL1000N,0.03938,12865.49708
IXL1000N,0.07099,13645.22417
IXL1000N,0.38216,15009.74659
IXL1000N,1.81337,12962.96296
IXL1000N,3.00474,11500.97466
IXL1000N,4.97884,10428.8499
IXL1000N,11.07609,6725.1462
IXL1000N,25.69932,3508.77193
IXL1000N,116.91901,1559.45419
IXL1000N,656.49644,1267.05653
IXL250Q,0.00031,63.0517
IXL250Q,0.00053,3215.63682
IXL250Q,0.00084,5107.18789
IXL250Q,0.00137,7187.89407
IXL250Q,0.00214,9079.44515
IXL250Q,0.00371,12232.03027
IXL250Q,0.00671,15510.71879
IXL250Q,0.01283,19041.61413
IXL250Q,0.02455,22572.50946
IXL250Q,0.04966,25788.14628
IXL250Q,0.09936,27994.95587
IXL250Q,0.1944,29319.04162
IXL250Q,0.36777,30075.66205
IXL250Q,0.544,30138.71375
IXL250Q,0.91003,29319.04162
IXL250Q,1.78041,27049.18033
IXL250Q,3.04573,24716.26734
IXL250Q,4.11956,23329.12989
IXL250Q,5.69804,20113.49307
IXL250Q,9.21739,16456.49433
IXL250Q,15.94546,12799.49559
IXL250Q,37.30999,8890.29004
IXL250Q,91.2944,5422.44641
IXL250Q,208.88955,3783.10214
IXL250Q,462.18527,2963.43001
IXL250Q,706.98489,2648.1715
IXL250Q,967,2459.02
IXL500Q,0.00028,125.94459
IXL500Q,0.00039,2581.86403
IXL500Q,0.00054,5100.75577
IXL500Q,0.00092,7304.78604
IXL500Q,0.0021,10957.17906
IXL500Q,0.00415,14294.71062
IXL500Q,0.00694,16813.60235
IXL500Q,0.01283,20780.85684
IXL500Q,0.02295,24622.16674
IXL500Q,0.0384,27518.89224
IXL500Q,0.07104,29974.81169
IXL500Q,0.1537,32178.84196
IXL500Q,0.33255,33753.1493
IXL500Q,0.62215,34823.67829
IXL500Q,0.91003,35075.56746
IXL500Q,1.50541,34382.87223
IXL500Q,3.1851,32493.70343
IXL500Q,6.16211,30226.70086
IXL500Q,9.11486,27329.97536
IXL500Q,12.89259,24118.3884
IXL500Q,19.07045,20717.88455
IXL500Q,26.6743,18324.9374
IXL500Q,43.63485,15302.26731
IXL500Q,74.64571,13035.26475
IXL500Q,154.43929,10264.48383
IXL500Q,295.46537,8690.1765
IXL500Q,408.67774,7682.6198
IXL500Q,691.34473,6863.97999
IXL500Q,956.24,6863.98
IXL500R,0.00029,126.1034
IXL500R,0.00037,2143.75788
IXL500R,0.00051,4918.03279
IXL500R,0.00067,6683.48046
IXL500R,0.00092,8322.82472
IXL500R,0.00135,10907.94452
IXL500R,0.00187,13114.7541
IXL500R,0.00256,15384.61539
IXL500R,0.00343,17402.26986
IXL500R,0.00479,20428.75158
IXL500R,0.00701,23959.64691
IXL500R,0.01003,27994.95587
IXL500R,0.01372,31462.7995
IXL500R,0.02007,35435.05675
IXL500R,0.02776,38713.74527
IXL500R,0.0384,41424.96848
IXL500R,0.05744,44073.13998
IXL500R,0.08592,46216.89786
IXL500R,0.13591,48234.55234
IXL500R,0.23249,49936.9483
IXL500R,0.4022,51197.98
IXL500R,0.63622,51513.24
IXL500R,1.01773,50945.78
IXL500R,1.52234,49558.63809
IXL500R,1.96897,47982.34553
IXL500R,2.57529,44325.34679
IXL500R,3.22092,40857.50316
IXL500R,4.26014,37263.55612
IXL500R,5.69804,33480.45397
IXL500R,7.79367,29949.55864
IXL500R,11.02381,26166.4565
IXL500R,15.41927,23013.87138
IXL500R,22.55417,19987.38966
IXL500R,26.6743,18348.0454
IXL500R,36.89499,15195.46028
IXL500R,56.43667,12358.13367
IXL500R,94.40986,10151.32409
IXL500R,161.50604,8953.34174
IXL500R,267.16955,8133.66961
IXL500R,369.53991,7629.25599
IXL500R,505.44977,6872.63556
IXL500R,739.33469,6746.53216
IXL500R,945.61,6620.43
IXL600_,0.00035,86.35579
IXL600_,0.00051,1295.33679
IXL600_,0.00096,2504.31779
IXL600_,0.00157,3713.29879
IXL600_,0.0037,5094.99136
IXL600_,0.00835,6822.10708
IXL600_,0.03234,9326.42487
IXL600_,0.08733,10276.33851
IXL600_,0.35401,10362.6943
IXL600_,1.19793,9758.2038
IXL600_,3.38386,8376.51123
IXL600_,7.29029,6994.81865
IXL600_,12.53254,4317.78929
IXL600_,37.03629,1468.04836
IXL600_,72.90295,690.84629
IXL600_,196.84194,518.13472
IXL600_,424.08311,1122.62522
IXL600_,1000,1381.69
IXL750Q,0.00022,63.0517
IXL750Q,0.00035,3530.89536
IXL750Q,0.00061,6998.73902
IXL750Q,0.00112,9709.96225
IXL750Q,0.00256,13493.06442
IXL750Q,0.00464,16330.39105
IXL750Q,0.00848,20113.49323
IXL750Q,0.01716,24464.06073
IXL750Q,0.03927,28877.67993
IXL750Q,0.06074,30580.07591
IXL750Q,0.09936,31967.21337
IXL750Q,0.18178,33480.45424
IXL750Q,0.3007,34615.38489
IXL750Q,0.64338,36128.62576
IXL750Q,1.00641,36822.19449
IXL750Q,1.78041,36696.09109
IXL750Q,3.1851,36002.52236
IXL750Q,5.21031,34678.4366
IXL750Q,8.52322,32976.04062
IXL750Q,13.33255,30201.76569
IXL750Q,19.94306,26229.50841
IXL750Q,33.36167,22005.04431
IXL750Q,59.01907,18158.89044
IXL750Q,99.84034,15510.71891
IXL750Q,195.33061,13177.80591
IXL750Q,334.15019,10781.8412
IXL750Q,528.57784,8385.87649
IXL750Q,706.98489,7187.89413
IXL750Q,956.24,6935.69
IXM1200,0.00379,272.72727
IXM1200,0.00434,2090.90909
IXM1200,0.00581,4727.27273
IXM1200,0.00801,8090.90909
IXM1200,0.0126,10272.72727
IXM1200,0.02521,13000
IXM1200,0.0491,14818.18182
IXM1200,0.1093,16545.45455
IXM1200,0.30114,17090.90909
IXM1200,0.707,16545.45455
IXM1200,1.3772,15272.72727
IXM1200,2.75521,13454.54545
IXM1200,5.08819,11181.81818
IXM1200,8.00709,9090.90909
IXM1200,14.78714,6272.72727
IXM1200,31.20387,4181.81818
IXM1200,79.36224,2181.81818
IXM1200,150.52415,1181.81818
IXM1200,256.60577,636.36364
IXM1200,527.23924,363.63636
IXM600,0.0037,1
IXM600,0.0041,347.8261
IXM600,0.0069,4753.6232
IXM600,0.0136,7072.4638
IXM600,0.0345,8695.6522
IXM600,0.1,9739.1304
IXM600,0.3217,10202.8986
IXM600,1.035,9507.2464
IXM600,3.0034,8115.942
IXM600,10,5681.1594
IXM600,30.0339,3478.2609
IXM600,107.1151,1507.2464
IXM600,310.8403,579.7101
IXM600,786.1807,463.7681
JGH1000D,0.00127,18.64787
JGH1000D,0.0075,5124.52514
JGH1000D,0.01721,8495.04772
JGH1000D,0.075,13313.36301
JGH1000D,0.14248,14895.95192
JGH1000D,1.4796,11249.08096
JGH1000D,9.40637,6415.26504
JGH1000D,366.0883,898.57859
JGH1000D,695.46356,803.11101
MU100X,0.0113,1
MU100X,0.0138,10
MU100X,0.0181,100
MU100X,0.0272,464.16
MU100X,0.075,879.92
MU100X,0.0983,1000
MU100X,0.2906,1291.55
MU100X,0.75,1467.8
MU100X,7.5,1668.1
MU100X,53.4568,1136.46
MU100X,65.4994,1000
MU100X,75,938.04
MU100X,120.488,681.29
MU100X,750,599.48
MU180X,0.0113,1
MU180X,0.0138,10
MU180X,0.0181,100
MU180X,0.0272,639.08
MU180X,0.0437,1000
MU180X,0.075,1291.55
MU180X,0.2072,2154.43
MU180X,0.75,2782.56
MU180X,4.0771,3162.28
MU180X,7.5,3162.28
MU180X,15.7975,2966.35
MU180X,25.379,2782.56
MU180X,75,1668.1
MU180X,207.1275,1136.46
MU180X,750,1136.46
PS2202,0.00109,163.93443
PS2202,0.0035,9234.97268
PS2202,0.0083,17650.27322
PS2202,0.02179,24754.09836
PS2202,0.08371,32076.50273
PS2202,0.36517,35573.77049
PS2202,1.47611,31420.76503
PS2202,4.62851,24754.09836
PS2202,13.44858,18852.45902
PS2202,57.19433,10983.60656
PS2202,231.19082,5081.96721
PS2202,762.7,2677.6
SDE1203TX,0.00401,10.28986
SDE1203TX,0.0042,101.1977
SDE1203TX,0.00467,1004.77369
SDE1203TX,0.0052,3062.24051
SDE1203TX,0.00561,4075.06402
SDE1203TX,0.00605,4568.48804
SDE1203TX,0.00678,5371.46897
SDE1203TX,0.00755,6079.49677
SDE1203TX,0.00879,7216.46842
SDE1203TX,0.01008,8090.26545
SDE1203TX,0.01157,9156.66513
SDE1203TX,0.01306,10071.69066
SDE1203TX,0.01499,10973.14001
SDE1203TX,0.02227,13149.96233
SDE1203TX,0.03021,14742.20903
SDE1203TX,0.03739,15758.61688
SDE1203TX,0.0449,16370.58186
SDE1203TX,0.05269,17006.31169
SDE1203TX,0.06724,18006.49407
SDE1203TX,0.09402,18884.76938
SDE1203TX,0.1474,19805.88299
SDE1203TX,0.22244,19995.42841
SDE1203TX,0.31342,19995.42841
SDE1203TX,0.43165,19995.42841
SDE1203TX,0.59446,19618.13434
SDE1203TX,0.75286,18884.76938
SDE1203TX,0.97552,18006.49407
SDE1203TX,1.48339,16061.68508
SDE1203TX,2.27292,13531.12864
SDE1203TX,3.01323,11729.6878
SDE1203TX,4.02523,10168.07833
SDE1203TX,5.84727,8013.57428
SDE1203TX,7.51907,6751.01671
SDE1203TX,10.75741,5073.10725
SDE1203TX,13.72807,4075.06402
SDE1203TX,19.79075,3004.45904
SDE1203TX,28.09934,2531.09942
SDE1203TX,37.25161,2257.72555
SDE1203TX,51.69525,1938.59493
SDE1203TX,66.47555,1680.50382
SDE1203TX,87.45839,1470.71472
SDE1203TX,137.10647,1311.86874
SDE1203TX,221.59102,1287.11506
SDE1203TX,372.04334,1250.85757
SDE1203TX,583.24364,1227.25511
SDE1203TX,744.30653,1215.62142
SDE1220,0.0039,1
SDE1220,0.0042,10
SDE1220,0.0049,100
SDE1220,0.0056,1000
SDE1220,0.0075,5170.273
SDE1220,0.0087,6468.608
SDE1220,0.0154,10000
SDE1220,0.0284,12826.5
SDE1220,0.075,16451.91
SDE1220,0.1155,18632.46
SDE1220,0.2739,21102.03
SDE1220,0.75,21102.03
SDE1220,2.7388,16451.91
SDE1220,6.9793,10000
SDE1220,16.5505,6468.608
SDE1220,36.7476,4738.88
SDE1220,48.7036,4184.289
SDE1220,75,3471.687
SDE1220,138.2567,2543.346
SDE1220,316.2724,1982.884
SDE1220,750,1863.246
SDE603TX,0.00383,1.04713
SDE603TX,0.00426,4.36516
SDE603TX,0.00449,45.70882
SDE603TX,0.00461,331.13112
SDE603TX,0.00569,1096.4782
SDE603TX,0.0076,2089.29613
SDE603TX,0.01392,3467.36851
SDE603TX,0.02986,5495.40874
SDE603TX,0.07115,7244.3596
SDE603TX,0.2265,9120.10839
SDE603TX,0.7402,10000
SDE603TX,1.09844,9120.10839
SDE603TX,3.40568,6918.30971
SDE603TX,11.42664,3981.07171
SDE603TX,36.3727,1905.46072
SDE603TX,139.1979,1380.38427
SDE603TX,711.54787,1047.12855
SGL1000A,0.0013,18.24166
SGL1000A,0.00765,4707.92073
SGL1000A,0.01553,8858.06669
SGL1000A,0.05694,13298.71056
SGL1000A,0.18545,15930.92182
SGL1000A,0.79561,14555.43604
SGL1000A,5.47405,9695.15222
SGL1000A,44.08512,3280.69908
SGL1000A,122.66947,2185.22323
SGL1000A,721.0531,1522.76562
SGL1000A,666.69147,1568.67495
XDS35I,0.0075,16.67
XDS35I,0.075,283.33
XDS35I,0.75,550
XDS35I,7.5,600
XDS35I,75,483.33
XDS35I,750,333.33
ESA200-EC_TEST,0.00563,1
ESA200-EC_TEST,0.0069,11817.6682
ESA200-EC_TEST,0.00998,12816.63934
ESA200-EC_TEST,0.01988,15165.58336
ESA200-EC_TEST,0.03998,17201.48974
ESA200-EC_TEST,0.07005,18463.2004
ESA200-EC_TEST,0.09998,19177.07206
ESA200-EC_TEST,0.19999,19591.66866
ESA200-EC_TEST,0.4002,19591.59039
ESA200-EC_TEST,0.52686,19358.97762
ESA200-EC_TEST,0.70001,19070.45035
ESA200-EC_TEST,0.81225,18928.9894
ESA200-EC_TEST,1.00013,18608.94785
ESA200-EC_TEST,1.0335,18557.39594
ESA200-EC_TEST,1.88775,17310.47262
ESA200-EC_TEST,2.01413,16695.21504
ESA200-EC_TEST,3.6945,14411.74604
ESA200-EC_TEST,4.01175,14086.66947
ESA200-EC_TEST,7.00238,12097.17336
ESA200-EC_TEST,10.03875,10856.6795
ESA200-EC_TEST,20.27625,8163.95109
ESA200-EC_TEST,40.57875,5690.97492
ESA200-EC_TEST,70.14375,3902.75866
ESA200-EC_TEST,145.125,2950.80886
ESA200-EC_TEST,291.7125,2284.81076
ESA200-EC_TEST,488.5125,2004.56325
ESA200-EC_TEST,760,1999.99998
ESA240,0.00975,1
ESA240,0.01109,9.88171
ESA240,0.01213,97.64816
ESA240,0.01302,994.06783
ESA240,0.01528,10425.28306
ESA240,0.02301,16780.5504
ESA240,0.04139,22594.62657
ESA240,0.07717,23276.89591
ESA240,0.23675,25449.82231
ESA240,0.75267,26218.3074
ESA240,2.56943,23276.89591
ESA240,10.11326,14897.95352
ESA240,37.73648,7081.56424
ESA240,133.48967,3467.78113
ESA240,584.61454,2154.43469
ESA240,753.74378,2009
ESA300-CN,0.00982,0.95602
ESA300-CN,0.01074,264.16483
ESA300-CN,0.0114,15124.72545
ESA300-CN,0.02556,24804.54414
ESA300-CN,0.4648,29693.14848
ESA300-CN,3.44666,18938.42027
ESA300-CN,50.84287,3924.18976
ESA300-CN,377.01616,2186.97466
ESA300-CN,608.34812,1998.85481
ESA300-CN,759.9975,1998
GXS250,0.0075,16.66667
GXS250,0.00928,747.53392
GXS250,0.01201,1021.63549
GXS250,0.01815,1494.35382
GXS250,0.02887,1921.21221
GXS250,0.06941,2590.25143
GXS250,0.20513,3175.55133
GXS250,0.53285,3637.50792
GXS250,1.8383,3919.6347
GXS250,4.7751,3973.23337
GXS250,9.10112,3763.13805
GXS250,23.03861,3421.84854
GXS250,53.97643,3007.63558
GXS250,136.6361,2538.01509
GXS250,364.1965,2084.32878
GXS250,730.89801,1723.40556
GXS250,759.9375,1700
GXS450,0.00858,950.95095
GXS450,0.00984,1626.62663
GXS450,0.01327,2402.4024
GXS450,0.01632,2902.9029
GXS450,0.02151,3378.37838
GXS450,0.03037,3828.82883
GXS450,0.04488,4454.45445
GXS450,0.06789,4929.92993
GXS450,0.11001,5605.60561
GXS450,0.16262,6006.00601
GXS450,0.24596,6331.33133
GXS450,0.44713,6656.65666
GXS450,0.89112,6981.98198
GXS450,1.69617,7182.18218
GXS450,3.3036,7282.28228
GXS450,9.51092,7332.33233
GXS450,26.75925,7307.30731
GXS450,62.64094,7057.05706
GXS450,116.52229,6681.68168
GXS450,172.23688,6306.30631
GXS450,305.99208,5655.65566
GXS450,484.5933,5205.20521
GXS450,716.29932,4754.75476
iXH1820T,0.00485,333.33333
iXH1820T,0.0077,6500
iXH1820T,0.01223,11500
iXH1820T,0.02404,17333.33333
iXH1820T,0.05643,21666.66667
iXH1820T,0.1474,24500
iXH1820T,0.4766,26500
iXH1820T,0.97058,25666.66667
iXH1820T,2.36119,20833.33333
iXH1820T,4.80852,15000
iXH1820T,9.12018,9833.33333
iXH1820T,33.99632,3500
iXH1820T,146.0954,1833.33333
iXH1820T,723.79778,666.66667
EV-X100N,0.00375,1.03414
EV-X100N,0.00497,1722.46975
EV-X100N,0.00677,2849.7745
EV-X100N,0.0139,4875.80858
EV-X100N,0.0369,7053.36732
EV-X100N,0.06837,8921.48845
EV-X100N,0.16808,9226.02394
EV-X100N,0.63954,9226.02394
EV-X100N,2.83914,8921.48845
EV-X100N,10.00141,7053.36732
EV-X100N,18.06166,4122.49702
EV-X100N,33.46685,2253.04403
EV-X100N,84.41129,941.37126
EV-X100N,235.95497,343.90869
EV-X100N,415.30278,271.8957
EV-X100N,769.52366,237.73509
EV-X200N,0.00359,0.99166
EV-X200N,0.00388,4.7863
EV-X200N,0.00419,46.67571
EV-X200N,0.00463,777.8737
EV-X200N,0.00513,3283.70124
EV-X200N,0.00661,4908.05127
EV-X200N,0.00966,7335.91931
EV-X200N,0.02016,12123.73301
EV-X200N,0.04776,17524.12586
EV-X200N,0.12204,20718.75412
EV-X200N,0.46797,20718.75412
EV-X200N,1.50253,19376.38376
EV-X200N,4.94817,15848.93192
EV-X200N,8.42795,9274.12035
EV-X200N,22.65883,3630.78055
EV-X200N,48.48796,1680.56202
EV-X200N,123.91473,615.30566
EV-X200N,233.58951,348.19151
EV-X200N,308.74413,294.5038
EV-X200N,750,240.88967
EV-X300N,0.00358,1
EV-X300N,0.00369,2.63665
EV-X300N,0.00444,59.14661
EV-X300N,0.00458,695.1928
EV-X300N,0.00487,6158.48211
EV-X300N,0.00605,8171.10332
EV-X300N,0.00823,12238.24937
EV-X300N,0.01477,17604.10844
EV-X300N,0.03093,23357.21469
EV-X300N,0.07329,28585.1418
EV-X300N,0.19639,29763.51442
EV-X300N,0.49483,30990.46339
EV-X300N,1.36751,27453.42234
EV-X300N,2.95379,20691.38081
EV-X300N,5.64047,15594.89504
EV-X300N,8.95332,9223.85104
EV-X300N,13.78083,5680.49216
EV-X300N,22.55912,3498.32094
EV-X300N,43.0783,1832.98071
EV-X300N,75,1041.22326
EV-X300N,138.87363,591.46605
EV-X300N,220.43913,379.26902
EV-X300N,395.79408,285.85142
EV-X300N,779.44176,243.20075
EV-X300N(2.85Kw),0.00388,1.09568
EV-X300N(2.85Kw),0.00432,4.12173
EV-X300N(2.85Kw),0.00456,33.71148
EV-X300N(2.85Kw),0.00494,174.60774
EV-X300N(2.85Kw),0.00536,946.65226
EV-X300N(2.85Kw),0.00565,6161.44448
EV-X300N(2.85Kw),0.00781,11158.83993
EV-X300N(2.85Kw),0.0166,19306.97729
EV-X300N(2.85Kw),0.04874,26582.95001
EV-X300N(2.85Kw),0.13203,31913.04569
EV-X300N(2.85Kw),1.13854,30487.86299
EV-X300N(2.85Kw),4.03697,18444.76031
EV-X300N(2.85Kw),13.20308,8483.42898
EV-X300N(2.85Kw),28.06472,4475.0063
EV-X300N(2.85Kw),48.09266,2707.32057
EV-X300N(2.85Kw),78.09174,1637.89371
EV-X300N(2.85Kw),126.80356,946.65226
EV-X300N(2.85Kw),255.40242,455.75365
EV-X300N(2.85Kw),437.66633,302.10557
EV-X300N(2.85Kw),791.50393,251.6481
